Ürün Adı,Kategori,Marka,Fiyat,Stok Miktarı,Satış Sayısı,Yorum Sayısı,Ortalama Puan,Tarih
Ürün5,Ev & Bahçe,Marka5,55,96,283,1,1.9,2024-02-17 15:18:45.291585
Ürün8,Kozmetik,Marka1,120,37,835,11,4.0,2023-07-21 15:18:45.292898
Ürün8,Aksesuar,Marka5,110,14,457,3,2.9,2024-03-19 15:18:45.293026
Ürün9,Ev & Bahçe,Marka4,133,7,254,8,4.7,2024-03-01 15:18:45.293077
Ürün2,Ev & Bahçe,Marka3,268,80,35,12,3.5,2024-05-21 15:18:45.293117
Ürün1,Aksesuar,Marka1,332,16,174,6,4.0,2023-11-12 15:18:45.293155
Ürün10,Giyim,Marka1,367,8,337,24,1.9,2023-12-13 15:18:45.293192
Ürün5,Giyim,Marka3,430,80,979,12,3.2,2024-04-21 15:18:45.293226
Ürün2,Giyim,Marka2,275,54,636,49,4.8,2024-02-06 15:18:45.293262
Ürün9,Ev & Bahçe,Marka3,448,34,540,4,2.3,2024-01-14 15:18:45.293297
Ürün2,Elektronik,Marka3,28,45,342,0,3.6,2023-10-13 15:18:45.293333
Ürün4,Ev & Bahçe,Marka3,132,60,910,16,1.7,2023-10-12 15:18:45.293367
Ürün4,Elektronik,Marka5,13,53,705,3,1.9,2023-09-22 15:18:45.293401
Ürün9,Giyim,Marka3,259,73,257,18,2.5,2023-07-18 15:18:45.293435
Ürün5,Kozmetik,Marka1,15,2,407,19,4.4,2024-04-25 15:18:45.293468
Ürün4,Aksesuar,Marka2,41,90,388,42,4.7,2023-08-13 15:18:45.293502
Ürün6,Kozmetik,Marka3,197,72,600,50,2.2,2024-03-22 15:18:45.293569
Ürün10,Ev & Bahçe,Marka3,241,64,445,18,1.3,2023-07-26 15:18:45.293612
Ürün6,Giyim,Marka3,199,34,487,13,1.6,2023-08-21 15:18:45.293649
Ürün9,Ev & Bahçe,Marka4,208,20,297,28,4.3,2023-07-05 15:18:45.293681
Ürün9,Kozmetik,Marka5,82,99,755,23,3.2,2023-09-20 15:18:45.293717
Ürün2,Elektronik,Marka3,125,4,179,26,1.1,2024-02-10 15:18:45.293749
Ürün3,Giyim,Marka5,325,71,313,44,3.7,2023-06-27 15:18:45.293784
Ürün7,Ev & Bahçe,Marka1,194,94,780,36,1.5,2023-11-02 15:18:45.293836
Ürün5,Aksesuar,Marka3,450,25,186,50,4.7,2023-08-10 15:18:45.293871
Ürün4,Aksesuar,Marka4,186,20,210,33,4.3,2024-06-07 15:18:45.293896
Ürün8,Kozmetik,Marka2,141,54,81,9,2.2,2024-06-08 15:18:45.293918
Ürün7,Aksesuar,Marka3,237,27,327,48,1.5,2023-07-08 15:18:45.293946
Ürün7,Kozmetik,Marka3,494,92,176,9,2.5,2023-09-05 15:18:45.293979
Ürün10,Kozmetik,Marka3,137,0,424,13,2.2,2024-01-13 15:18:45.294001
Ürün9,Giyim,Marka3,300,0,655,39,1.0,2023-12-20 15:18:45.294022
Ürün8,Kozmetik,Marka1,139,18,10,16,3.8,2024-04-03 15:18:45.294043
Ürün2,Giyim,Marka4,257,63,490,40,2.6,2023-09-30 15:18:45.294064
Ürün5,Ev & Bahçe,Marka4,120,60,903,37,1.2,2023-06-21 15:18:45.294101
Ürün10,Elektronik,Marka3,306,90,864,18,1.7,2024-02-26 15:18:45.294139
Ürün3,Kozmetik,Marka3,366,44,461,16,1.1,2024-05-02 15:18:45.294180
Ürün6,Elektronik,Marka1,450,85,296,9,1.3,2024-03-07 15:18:45.294218
Ürün3,Elektronik,Marka3,148,23,272,4,4.3,2024-02-20 15:18:45.294255
Ürün8,Elektronik,Marka5,230,24,600,20,4.3,2023-07-19 15:18:45.294294
Ürün1,Giyim,Marka2,465,9,730,17,2.8,2023-08-28 15:18:45.294331
Ürün2,Elektronik,Marka4,104,87,919,0,1.5,2023-08-18 15:18:45.294368
Ürün6,Kozmetik,Marka3,200,12,769,48,3.3,2023-08-25 15:18:45.294406
Ürün7,Elektronik,Marka2,115,65,171,37,3.7,2024-06-03 15:18:45.294443
Ürün8,Giyim,Marka2,95,10,253,0,1.8,2023-07-04 15:18:45.294481
Ürün4,Aksesuar,Marka2,248,71,553,45,4.6,2023-12-15 15:18:45.294532
Ürün2,Elektronik,Marka3,415,44,201,24,4.7,2024-03-26 15:18:45.294573
Ürün7,Elektronik,Marka4,153,83,898,13,2.7,2024-04-14 15:18:45.294610
Ürün5,Ev & Bahçe,Marka2,120,0,736,2,1.3,2023-10-24 15:18:45.294647
Ürün4,Elektronik,Marka5,235,79,571,23,1.9,2024-04-25 15:18:45.294692
Ürün6,Kozmetik,Marka2,289,30,338,2,3.4,2023-11-04 15:18:45.294731
Ürün1,Aksesuar,Marka2,440,79,659,25,3.4,2023-11-12 15:18:45.294767
Ürün6,Giyim,Marka5,173,95,21,42,4.0,2024-03-09 15:18:45.294829
Ürün10,Kozmetik,Marka1,183,74,781,28,3.3,2023-12-16 15:18:45.294874
Ürün3,Aksesuar,Marka2,137,91,664,41,4.4,2024-05-30 15:18:45.294912
Ürün3,Ev & Bahçe,Marka2,372,6,608,2,3.7,2024-01-15 15:18:45.294948
Ürün5,Aksesuar,Marka5,127,49,887,22,3.6,2024-02-29 15:18:45.294983
Ürün6,Ev & Bahçe,Marka3,431,12,292,4,3.6,2023-07-21 15:18:45.295020
Ürün10,Aksesuar,Marka4,200,52,705,29,2.1,2023-11-03 15:18:45.295057
Ürün2,Aksesuar,Marka4,313,96,735,29,4.6,2023-09-03 15:18:45.295099
Ürün8,Kozmetik,Marka4,443,47,691,3,4.2,2023-08-23 15:18:45.295140
Ürün6,Giyim,Marka2,164,97,349,8,2.7,2023-12-11 15:18:45.295176
Ürün6,Kozmetik,Marka3,184,24,530,5,3.0,2023-11-24 15:18:45.295213
Ürün7,Ev & Bahçe,Marka3,343,47,278,2,4.3,2023-10-17 15:18:45.295250
Ürün5,Ev & Bahçe,Marka5,153,95,882,45,4.4,2024-03-09 15:18:45.295285
Ürün9,Ev & Bahçe,Marka3,18,77,459,41,4.7,2024-02-14 15:18:45.295322
Ürün1,Elektronik,Marka1,403,12,532,28,2.6,2024-05-24 15:18:45.295358
Ürün7,Ev & Bahçe,Marka5,321,9,997,16,2.0,2024-05-05 15:18:45.295393
Ürün1,Aksesuar,Marka5,400,45,580,34,2.7,2023-11-18 15:18:45.295429
Ürün10,Elektronik,Marka3,203,21,656,6,1.3,2024-01-24 15:18:45.295466
Ürün1,Ev & Bahçe,Marka3,159,48,442,43,1.8,2024-05-10 15:18:45.295502
Ürün7,Ev & Bahçe,Marka5,206,7,629,5,4.7,2024-01-24 15:18:45.295551
Ürün8,Kozmetik,Marka1,28,66,241,49,5.0,2024-03-05 15:18:45.295587
Ürün6,Kozmetik,Marka3,254,91,204,44,2.4,2024-04-01 15:18:45.295624
Ürün5,Kozmetik,Marka3,432,51,106,36,3.3,2023-10-12 15:18:45.295660
Ürün5,Kozmetik,Marka1,174,88,713,35,2.5,2023-11-11 15:18:45.295696
Ürün2,Kozmetik,Marka4,224,21,309,49,2.6,2023-07-06 15:18:45.295733
Ürün6,Giyim,Marka2,153,51,840,36,2.4,2023-06-30 15:18:45.295767
Ürün4,Aksesuar,Marka5,291,58,232,29,1.5,2024-04-18 15:18:45.295822
Ürün6,Ev & Bahçe,Marka3,66,48,976,23,1.5,2023-08-22 15:18:45.295863
Ürün3,Ev & Bahçe,Marka1,145,26,896,10,3.3,2023-08-03 15:18:45.295899
Ürün5,Elektronik,Marka3,271,100,743,38,3.9,2023-07-22 15:18:45.295936
Ürün10,Giyim,Marka1,131,16,523,1,3.2,2024-04-12 15:18:45.295971
Ürün9,Kozmetik,Marka4,496,35,761,17,3.3,2023-08-07 15:18:45.296006
Ürün1,Aksesuar,Marka3,352,43,961,23,3.1,2024-05-30 15:18:45.296043
Ürün5,Ev & Bahçe,Marka3,21,1,956,38,4.2,2023-12-15 15:18:45.296078
Ürün8,Elektronik,Marka2,56,76,257,19,1.8,2024-04-23 15:18:45.296113
Ürün9,Aksesuar,Marka5,75,58,837,5,1.5,2024-06-05 15:18:45.296149
Ürün8,Kozmetik,Marka3,291,88,695,31,4.2,2024-01-15 15:18:45.296197
Ürün2,Kozmetik,Marka3,32,35,721,42,4.9,2024-02-28 15:18:45.296233
Ürün5,Giyim,Marka4,75,90,637,23,3.1,2023-08-25 15:18:45.296268
Ürün5,Elektronik,Marka1,162,63,276,40,1.4,2024-02-15 15:18:45.296309
Ürün7,Giyim,Marka5,62,79,797,11,2.4,2023-10-11 15:18:45.296345
Ürün6,Aksesuar,Marka4,252,60,965,18,1.5,2024-05-12 15:18:45.296380
Ürün2,Ev & Bahçe,Marka1,445,33,3,21,2.4,2024-05-25 15:18:45.296417
Ürün7,Aksesuar,Marka1,251,94,603,31,1.1,2023-12-25 15:18:45.296452
Ürün4,Ev & Bahçe,Marka3,181,8,849,16,2.3,2024-04-15 15:18:45.296486
Ürün1,Kozmetik,Marka2,148,29,541,28,2.8,2023-09-22 15:18:45.296532
Ürün2,Giyim,Marka4,125,30,625,21,4.9,2024-04-27 15:18:45.296570
Ürün8,Kozmetik,Marka3,485,32,600,1,4.8,2023-09-27 15:18:45.296605
Ürün7,Elektronik,Marka1,164,18,978,15,1.4,2024-05-24 15:18:45.296641
Ürün7,Ev & Bahçe,Marka3,275,88,624,47,1.6,2023-12-09 15:18:45.296678
Ürün4,Kozmetik,Marka2,338,75,139,48,3.5,2023-08-14 15:18:45.296716
Ürün2,Ev & Bahçe,Marka1,418,17,724,40,2.6,2024-03-13 15:18:45.296753
Ürün2,Aksesuar,Marka3,251,57,600,13,2.9,2023-08-17 15:18:45.296791
Ürün4,Giyim,Marka3,478,96,728,37,1.9,2023-12-02 15:18:45.296857
Ürün5,Ev & Bahçe,Marka1,30,13,956,27,1.2,2023-10-02 15:18:45.296896
Ürün1,Kozmetik,Marka3,225,78,450,23,1.5,2024-03-31 15:18:45.296934
Ürün10,Giyim,Marka2,143,50,9,32,3.9,2023-09-09 15:18:45.296970
Ürün10,Giyim,Marka5,18,13,616,48,2.1,2023-06-23 15:18:45.297001
Ürün7,Elektronik,Marka1,167,48,889,36,3.3,2024-06-09 15:18:45.297035
Ürün6,Ev & Bahçe,Marka1,459,66,639,0,3.6,2024-05-27 15:18:45.297074
Ürün8,Giyim,Marka4,117,33,618,45,4.6,2023-09-19 15:18:45.297113
Ürün6,Giyim,Marka5,445,47,140,29,3.8,2023-09-29 15:18:45.297150
Ürün9,Elektronik,Marka3,366,42,846,27,2.3,2023-08-01 15:18:45.297189
Ürün9,Giyim,Marka2,158,51,407,12,3.5,2024-04-15 15:18:45.297229
Ürün5,Aksesuar,Marka5,350,1,692,4,4.1,2024-03-25 15:18:45.297267
Ürün10,Kozmetik,Marka2,370,88,409,18,1.4,2024-02-27 15:18:45.297305
Ürün9,Elektronik,Marka5,257,38,73,27,1.3,2024-01-29 15:18:45.297341
Ürün8,Giyim,Marka5,459,86,971,5,4.5,2024-01-04 15:18:45.297378
Ürün7,Kozmetik,Marka4,418,15,133,50,1.6,2024-02-15 15:18:45.297417
Ürün4,Giyim,Marka4,386,39,658,49,4.8,2023-11-04 15:18:45.297446
Ürün1,Elektronik,Marka5,411,58,442,0,2.2,2023-10-24 15:18:45.297477
Ürün7,Aksesuar,Marka5,95,46,950,21,4.9,2024-04-02 15:18:45.297534
Ürün5,Giyim,Marka2,132,16,853,26,4.1,2023-12-19 15:18:45.297576
Ürün9,Kozmetik,Marka5,364,4,80,45,3.1,2023-09-19 15:18:45.297614
Ürün7,Giyim,Marka3,195,24,872,50,1.5,2024-05-14 15:18:45.297653
Ürün5,Elektronik,Marka3,132,71,816,29,1.2,2023-12-15 15:18:45.297691
Ürün2,Elektronik,Marka2,411,61,501,42,1.5,2024-02-19 15:18:45.297727
Ürün1,Giyim,Marka4,496,63,108,12,1.5,2023-12-25 15:18:45.297763
Ürün10,Ev & Bahçe,Marka5,164,70,54,21,1.4,2023-06-30 15:18:45.297795
Ürün2,Elektronik,Marka3,347,27,213,17,1.4,2024-04-18 15:18:45.297855
Ürün6,Ev & Bahçe,Marka5,213,57,104,22,4.0,2023-12-16 15:18:45.297888
Ürün4,Ev & Bahçe,Marka2,279,81,782,44,1.4,2023-09-26 15:18:45.297922
Ürün8,Ev & Bahçe,Marka4,40,92,866,3,2.2,2024-04-23 15:18:45.297956
Ürün6,Elektronik,Marka1,277,82,581,29,4.1,2023-07-21 15:18:45.297989
Ürün5,Elektronik,Marka1,171,20,402,19,4.2,2024-01-30 15:18:45.298022
Ürün8,Giyim,Marka5,12,7,96,23,4.3,2023-09-06 15:18:45.298056
Ürün1,Ev & Bahçe,Marka4,141,26,998,25,4.9,2023-06-18 15:18:45.298088
Ürün3,Elektronik,Marka1,469,32,491,27,4.2,2023-07-17 15:18:45.298124
Ürün1,Ev & Bahçe,Marka2,238,17,477,38,2.2,2024-06-05 15:18:45.298161
Ürün6,Ev & Bahçe,Marka4,112,66,309,36,3.6,2023-12-09 15:18:45.298192
Ürün2,Ev & Bahçe,Marka5,276,54,514,13,2.0,2023-11-30 15:18:45.298226
Ürün3,Kozmetik,Marka1,62,24,525,25,3.2,2024-03-28 15:18:45.298258
Ürün4,Aksesuar,Marka5,40,98,637,24,4.6,2023-06-18 15:18:45.298300
Ürün6,Giyim,Marka4,245,52,32,36,4.2,2023-09-05 15:18:45.298334
Ürün9,Ev & Bahçe,Marka3,236,46,779,37,3.4,2024-01-18 15:18:45.298365
Ürün1,Giyim,Marka4,378,15,412,24,1.4,2024-02-06 15:18:45.298394
Ürün6,Elektronik,Marka3,73,82,233,9,3.3,2024-05-21 15:18:45.298427
Ürün4,Giyim,Marka5,269,45,137,8,1.5,2023-07-15 15:18:45.298459
Ürün10,Ev & Bahçe,Marka4,238,91,287,40,3.0,2024-03-22 15:18:45.298490
Ürün10,Giyim,Marka2,475,85,173,48,3.5,2024-03-28 15:18:45.298598
Ürün7,Aksesuar,Marka1,413,28,918,48,2.1,2024-01-10 15:18:45.298635
Ürün8,Giyim,Marka4,46,35,380,48,3.5,2024-04-12 15:18:45.298674
Ürün2,Kozmetik,Marka3,495,45,117,36,4.0,2023-08-28 15:18:45.298711
Ürün1,Aksesuar,Marka4,373,35,596,40,1.3,2023-09-17 15:18:45.298745
Ürün1,Giyim,Marka1,169,97,407,2,1.3,2024-04-03 15:18:45.298776
Ürün6,Ev & Bahçe,Marka3,492,84,442,15,2.6,2024-04-27 15:18:45.298825
Ürün2,Ev & Bahçe,Marka2,280,18,491,26,2.3,2023-11-28 15:18:45.298859
Ürün1,Aksesuar,Marka5,348,51,971,43,3.9,2023-07-27 15:18:45.298890
Ürün7,Aksesuar,Marka5,452,15,542,28,2.5,2024-05-09 15:18:45.298922
Ürün8,Kozmetik,Marka5,336,1,523,26,2.7,2023-09-06 15:18:45.298953
Ürün7,Kozmetik,Marka1,164,75,763,17,2.0,2023-06-22 15:18:45.298984
Ürün8,Aksesuar,Marka3,426,6,609,18,2.5,2023-09-17 15:18:45.299016
Ürün8,Kozmetik,Marka3,74,84,35,2,2.6,2023-10-24 15:18:45.299048
Ürün10,Kozmetik,Marka2,306,99,769,32,2.4,2023-10-26 15:18:45.299080
Ürün3,Elektronik,Marka5,228,45,570,47,3.4,2023-10-09 15:18:45.299111
Ürün1,Giyim,Marka3,429,73,487,5,1.1,2023-12-01 15:18:45.299143
Ürün3,Ev & Bahçe,Marka3,490,38,309,23,2.8,2024-03-08 15:18:45.299174
Ürün4,Aksesuar,Marka2,23,6,799,36,2.1,2024-01-14 15:18:45.299206
Ürün10,Elektronik,Marka3,304,65,318,10,1.1,2024-01-16 15:18:45.299236
Ürün6,Aksesuar,Marka3,243,91,800,48,1.6,2024-01-11 15:18:45.299268
Ürün1,Giyim,Marka5,124,4,586,3,2.9,2024-01-13 15:18:45.299299
Ürün3,Giyim,Marka2,211,68,437,9,4.1,2024-01-16 15:18:45.299330
Ürün3,Aksesuar,Marka5,338,48,489,26,3.4,2023-10-30 15:18:45.299362
Ürün7,Aksesuar,Marka5,412,34,348,22,3.1,2024-04-12 15:18:45.299393
Ürün4,Giyim,Marka5,104,17,704,3,4.4,2024-03-29 15:18:45.299424
Ürün8,Elektronik,Marka1,233,46,410,28,2.8,2024-01-27 15:18:45.299455
Ürün1,Aksesuar,Marka3,245,96,343,19,2.1,2024-01-29 15:18:45.299486
Ürün6,Kozmetik,Marka2,246,98,911,25,1.4,2023-10-13 15:18:45.299524
Ürün5,Kozmetik,Marka3,432,100,215,15,3.4,2023-12-12 15:18:45.299557
Ürün4,Elektronik,Marka3,314,68,419,6,1.3,2023-06-26 15:18:45.299588
Ürün8,Elektronik,Marka2,364,75,657,6,4.0,2023-07-13 15:18:45.299619
Ürün5,Giyim,Marka4,49,89,331,18,3.3,2024-03-22 15:18:45.299650
Ürün8,Aksesuar,Marka4,239,16,278,25,3.6,2023-10-05 15:18:45.299681
Ürün10,Elektronik,Marka5,329,19,124,35,1.6,2024-03-20 15:18:45.299711
Ürün3,Kozmetik,Marka1,325,19,530,25,4.8,2024-04-14 15:18:45.299748
Ürün6,Elektronik,Marka2,129,63,532,19,1.2,2024-03-23 15:18:45.299789
Ürün5,Ev & Bahçe,Marka2,62,61,276,16,2.8,2023-07-17 15:18:45.299845
Ürün6,Aksesuar,Marka4,365,86,721,11,1.0,2023-10-27 15:18:45.299877
Ürün2,Giyim,Marka1,287,75,728,0,3.5,2024-04-17 15:18:45.299908
Ürün1,Giyim,Marka2,168,94,638,43,4.6,2023-11-29 15:18:45.299939
Ürün3,Elektronik,Marka1,286,11,777,48,4.1,2024-02-03 15:18:45.299969
Ürün10,Aksesuar,Marka2,218,36,210,6,3.8,2023-07-12 15:18:45.300001
Ürün7,Kozmetik,Marka1,181,71,400,14,3.8,2024-05-31 15:18:45.300032
Ürün3,Giyim,Marka3,373,80,728,22,4.8,2024-04-09 15:18:45.300062
Ürün1,Aksesuar,Marka1,264,65,979,30,4.4,2024-03-31 15:18:45.300093
Ürün10,Aksesuar,Marka5,88,63,127,15,2.2,2023-09-02 15:18:45.300124
Ürün1,Aksesuar,Marka1,74,79,878,19,1.4,2023-11-25 15:18:45.300155
Ürün7,Giyim,Marka2,407,40,940,3,1.8,2024-03-09 15:18:45.300186
Ürün5,Aksesuar,Marka2,490,10,664,24,2.2,2023-11-20 15:18:45.300217
Ürün7,Aksesuar,Marka4,221,48,890,33,3.3,2023-08-10 15:18:45.300249
Ürün8,Elektronik,Marka3,368,25,934,33,4.8,2023-11-28 15:18:45.300281
Ürün3,Kozmetik,Marka3,120,0,446,43,1.0,2023-12-25 15:18:45.300312
Ürün9,Giyim,Marka4,332,74,927,34,1.0,2024-03-02 15:18:45.300343
Ürün10,Giyim,Marka1,194,44,497,41,2.4,2024-03-27 15:18:45.300374
Ürün5,Ev & Bahçe,Marka1,416,78,264,36,2.8,2023-10-08 15:18:45.300406
Ürün9,Aksesuar,Marka3,478,93,654,47,3.7,2023-09-06 15:18:45.300437
Ürün6,Aksesuar,Marka2,222,73,778,28,3.0,2024-01-06 15:18:45.300468
Ürün1,Giyim,Marka5,440,80,787,39,4.8,2024-04-22 15:18:45.300499
Ürün3,Elektronik,Marka4,204,39,13,43,4.2,2023-08-19 15:18:45.300543
Ürün9,Kozmetik,Marka1,173,17,787,48,3.8,2024-04-21 15:18:45.300576
Ürün6,Ev & Bahçe,Marka2,56,99,524,1,2.8,2024-06-10 15:18:45.300607
Ürün3,Ev & Bahçe,Marka4,481,100,366,44,1.5,2023-06-21 15:18:45.300638
Ürün4,Aksesuar,Marka4,385,22,42,47,1.4,2024-02-05 15:18:45.300670
Ürün6,Aksesuar,Marka4,163,36,732,45,1.3,2023-12-04 15:18:45.300701
Ürün5,Aksesuar,Marka3,212,24,615,13,1.2,2024-04-26 15:18:45.300732
Ürün9,Elektronik,Marka4,338,74,650,43,4.3,2023-07-31 15:18:45.300763
Ürün3,Elektronik,Marka3,430,41,589,22,3.2,2023-12-09 15:18:45.300814
Ürün2,Aksesuar,Marka5,275,6,256,16,1.7,2024-02-04 15:18:45.300849
Ürün10,Giyim,Marka4,204,75,684,9,1.8,2023-07-26 15:18:45.300880
Ürün2,Ev & Bahçe,Marka4,262,39,257,25,2.7,2023-12-16 15:18:45.300911
Ürün9,Giyim,Marka1,426,42,983,15,1.4,2023-11-04 15:18:45.300943
Ürün4,Kozmetik,Marka5,48,14,858,45,2.3,2024-03-10 15:18:45.300974
Ürün4,Aksesuar,Marka4,71,26,304,0,2.4,2024-05-26 15:18:45.301005
Ürün4,Aksesuar,Marka4,469,27,744,43,4.6,2024-01-15 15:18:45.301035
Ürün7,Elektronik,Marka2,110,45,689,21,3.6,2024-01-02 15:18:45.301066
Ürün2,Kozmetik,Marka3,327,13,571,7,4.6,2023-11-27 15:18:45.301097
Ürün10,Elektronik,Marka3,203,32,282,21,1.4,2024-04-22 15:18:45.301128
Ürün5,Kozmetik,Marka4,152,35,74,4,3.1,2023-08-07 15:18:45.301159
Ürün4,Kozmetik,Marka3,170,25,722,18,1.7,2023-12-18 15:18:45.301190
Ürün6,Elektronik,Marka1,487,8,511,29,5.0,2023-06-14 15:18:45.301221
Ürün6,Kozmetik,Marka3,60,12,177,17,3.5,2023-11-19 15:18:45.301506
Ürün4,Aksesuar,Marka4,265,45,383,36,4.4,2023-08-12 15:18:45.301559
Ürün7,Elektronik,Marka5,492,90,831,15,4.6,2023-09-29 15:18:45.301593
Ürün4,Kozmetik,Marka1,233,37,155,17,3.1,2024-02-12 15:18:45.301624
Ürün9,Aksesuar,Marka4,85,2,416,20,4.9,2023-12-22 15:18:45.301656
Ürün2,Giyim,Marka1,332,60,225,43,1.8,2024-05-05 15:18:45.301687
Ürün9,Kozmetik,Marka2,139,73,41,5,1.1,2023-12-11 15:18:45.301718
Ürün4,Ev & Bahçe,Marka4,272,13,907,13,2.3,2024-02-10 15:18:45.301748
Ürün4,Aksesuar,Marka3,265,18,605,38,3.8,2023-09-30 15:18:45.301780
Ürün1,Kozmetik,Marka4,130,31,555,4,1.6,2024-06-04 15:18:45.301832
Ürün10,Ev & Bahçe,Marka5,252,77,71,17,1.1,2023-08-05 15:18:45.301868
Ürün3,Ev & Bahçe,Marka1,345,65,884,25,3.6,2023-07-26 15:18:45.301900
Ürün9,Elektronik,Marka2,467,67,898,39,3.4,2023-11-03 15:18:45.301931
Ürün6,Elektronik,Marka3,423,63,216,15,1.6,2023-06-18 15:18:45.301962
Ürün7,Giyim,Marka1,360,83,40,48,2.3,2023-10-29 15:18:45.301993
Ürün10,Elektronik,Marka5,459,63,29,14,3.3,2023-12-23 15:18:45.302034
Ürün6,Elektronik,Marka4,113,14,423,36,2.9,2023-10-12 15:18:45.302065
Ürün7,Giyim,Marka4,160,19,387,22,4.0,2024-04-10 15:18:45.302096
Ürün5,Elektronik,Marka5,131,77,719,4,4.8,2024-04-08 15:18:45.302134
Ürün7,Ev & Bahçe,Marka1,361,5,648,2,4.2,2024-03-31 15:18:45.302166
Ürün4,Elektronik,Marka3,149,47,90,1,2.8,2024-01-28 15:18:45.302197
Ürün5,Kozmetik,Marka2,237,71,618,30,1.6,2023-08-11 15:18:45.302228
Ürün5,Aksesuar,Marka3,377,40,246,29,1.8,2024-02-03 15:18:45.302259
Ürün6,Ev & Bahçe,Marka5,98,7,650,13,4.4,2024-03-07 15:18:45.302290
Ürün7,Giyim,Marka3,257,92,792,22,4.9,2023-10-22 15:18:45.302321
Ürün9,Kozmetik,Marka3,274,54,785,20,4.9,2023-09-27 15:18:45.302351
Ürün5,Kozmetik,Marka4,483,48,967,23,1.9,2024-05-03 15:18:45.302382
Ürün10,Giyim,Marka3,16,0,370,32,4.9,2024-04-08 15:18:45.302435
Ürün2,Aksesuar,Marka1,328,58,251,8,3.7,2023-12-24 15:18:45.302467
Ürün7,Giyim,Marka1,201,15,931,25,3.3,2024-02-11 15:18:45.302498
Ürün5,Aksesuar,Marka4,495,45,476,6,3.1,2024-03-01 15:18:45.302537
Ürün9,Aksesuar,Marka4,483,81,514,7,4.2,2023-08-17 15:18:45.302568
Ürün2,Giyim,Marka4,139,16,865,29,4.6,2023-11-12 15:18:45.302600
Ürün6,Ev & Bahçe,Marka2,354,72,737,34,3.8,2023-10-01 15:18:45.302631
Ürün7,Elektronik,Marka4,98,51,33,50,3.3,2023-09-10 15:18:45.302660
Ürün5,Giyim,Marka4,267,48,873,18,4.6,2023-06-13 15:18:45.302690
Ürün5,Giyim,Marka1,329,100,842,9,3.0,2024-03-20 15:18:45.302725
Ürün2,Aksesuar,Marka3,13,58,441,46,2.7,2023-12-14 15:18:45.302757
Ürün5,Kozmetik,Marka5,37,69,174,50,2.8,2023-07-18 15:18:45.302790
Ürün10,Giyim,Marka1,463,28,599,11,1.4,2023-12-31 15:18:45.302846
Ürün1,Elektronik,Marka4,366,3,526,25,1.0,2024-03-13 15:18:45.302886
Ürün1,Giyim,Marka2,154,10,840,21,3.0,2024-05-15 15:18:45.302922
Ürün9,Elektronik,Marka3,269,55,681,19,2.4,2023-08-23 15:18:45.302959
Ürün10,Giyim,Marka3,465,86,826,5,1.9,2024-01-08 15:18:45.302996
Ürün2,Giyim,Marka3,409,83,201,0,3.4,2024-03-27 15:18:45.303028
Ürün2,Elektronik,Marka1,21,28,547,43,3.9,2023-09-19 15:18:45.303058
Ürün1,Aksesuar,Marka2,236,90,625,7,4.5,2023-08-23 15:18:45.303086
Ürün6,Kozmetik,Marka3,245,16,154,6,1.4,2023-12-17 15:18:45.303124
Ürün6,Giyim,Marka3,55,21,470,39,3.9,2023-09-27 15:18:45.303160
Ürün5,Aksesuar,Marka2,450,25,581,3,2.7,2024-04-11 15:18:45.303203
Ürün3,Elektronik,Marka3,459,0,422,40,1.7,2023-10-07 15:18:45.303240
Ürün6,Elektronik,Marka3,272,39,462,46,3.7,2023-09-10 15:18:45.303275
Ürün4,Aksesuar,Marka2,472,99,160,37,2.1,2024-04-29 15:18:45.303311
Ürün10,Aksesuar,Marka2,240,28,403,0,3.3,2024-02-20 15:18:45.303346
Ürün7,Aksesuar,Marka1,47,15,22,34,1.4,2023-11-02 15:18:45.303381
Ürün3,Aksesuar,Marka1,500,22,514,12,3.9,2023-08-29 15:18:45.303417
Ürün4,Giyim,Marka1,483,96,140,21,2.9,2023-08-18 15:18:45.303452
Ürün3,Kozmetik,Marka5,94,25,900,23,3.5,2024-01-29 15:18:45.303487
Ürün4,Aksesuar,Marka3,296,12,619,33,4.2,2023-09-24 15:18:45.303534
Ürün2,Giyim,Marka2,355,0,754,42,1.6,2023-09-17 15:18:45.303578
Ürün8,Ev & Bahçe,Marka4,171,82,466,15,2.4,2023-09-07 15:18:45.303617
Ürün9,Ev & Bahçe,Marka2,336,70,520,19,4.1,2023-08-19 15:18:45.303653
Ürün10,Ev & Bahçe,Marka3,121,69,127,28,1.7,2023-08-13 15:18:45.303688
Ürün1,Elektronik,Marka1,466,46,507,45,2.7,2024-01-05 15:18:45.303723
Ürün9,Elektronik,Marka2,422,91,729,17,2.7,2024-04-10 15:18:45.303759
Ürün7,Aksesuar,Marka2,174,31,605,33,4.7,2023-12-17 15:18:45.303811
Ürün5,Aksesuar,Marka1,30,64,531,27,4.2,2023-07-03 15:18:45.303852
Ürün1,Aksesuar,Marka1,301,94,630,47,1.0,2023-12-31 15:18:45.303890
Ürün9,Aksesuar,Marka5,148,2,2,46,5.0,2024-01-17 15:18:45.303925
Ürün9,Giyim,Marka1,491,74,332,3,2.8,2023-09-28 15:18:45.303959
Ürün7,Ev & Bahçe,Marka4,134,83,625,2,2.9,2024-06-06 15:18:45.303996
Ürün2,Elektronik,Marka5,149,3,45,14,3.7,2023-12-12 15:18:45.304031
Ürün7,Aksesuar,Marka3,369,40,210,34,4.8,2024-02-20 15:18:45.304065
Ürün8,Kozmetik,Marka2,174,79,78,15,4.2,2023-10-11 15:18:45.304097
Ürün9,Aksesuar,Marka1,240,99,425,48,1.9,2024-01-14 15:18:45.304127
Ürün8,Ev & Bahçe,Marka5,391,22,864,33,3.1,2024-05-23 15:18:45.304159
Ürün7,Giyim,Marka4,344,53,993,9,2.9,2023-10-13 15:18:45.304188
Ürün7,Elektronik,Marka2,335,98,402,28,1.7,2024-02-14 15:18:45.304225
Ürün7,Ev & Bahçe,Marka5,225,86,459,1,4.7,2023-10-12 15:18:45.304265
Ürün3,Ev & Bahçe,Marka1,389,99,320,49,1.5,2024-03-30 15:18:45.304300
Ürün6,Giyim,Marka1,189,89,487,39,1.7,2024-04-23 15:18:45.304335
Ürün5,Ev & Bahçe,Marka1,113,86,559,18,3.2,2023-07-29 15:18:45.304376
Ürün6,Kozmetik,Marka5,412,67,869,41,1.2,2023-07-27 15:18:45.304411
Ürün6,Kozmetik,Marka4,289,6,123,7,2.0,2024-01-10 15:18:45.304446
Ürün1,Giyim,Marka3,103,36,522,28,4.6,2024-03-20 15:18:45.304480
Ürün8,Aksesuar,Marka1,404,82,961,0,3.9,2024-03-24 15:18:45.304527
Ürün1,Ev & Bahçe,Marka2,480,66,563,46,1.5,2024-01-30 15:18:45.304566
Ürün10,Elektronik,Marka1,493,84,626,49,3.4,2023-06-29 15:18:45.304610
Ürün4,Giyim,Marka4,95,60,442,40,3.2,2023-08-03 15:18:45.304649
Ürün1,Aksesuar,Marka3,449,6,864,25,2.6,2023-10-03 15:18:45.304687
Ürün1,Ev & Bahçe,Marka1,98,80,202,8,2.4,2023-06-15 15:18:45.304723
Ürün9,Aksesuar,Marka5,87,30,268,21,2.1,2023-08-16 15:18:45.304759
Ürün6,Giyim,Marka2,101,86,720,14,2.2,2023-10-24 15:18:45.304811
Ürün2,Aksesuar,Marka2,450,15,689,32,2.8,2024-03-06 15:18:45.304853
Ürün9,Ev & Bahçe,Marka2,184,1,578,19,3.5,2023-11-10 15:18:45.304891
Ürün3,Ev & Bahçe,Marka5,294,65,768,31,2.2,2023-11-22 15:18:45.304927
Ürün4,Aksesuar,Marka3,216,78,184,1,2.2,2024-06-04 15:18:45.304963
Ürün7,Giyim,Marka4,455,54,547,34,4.3,2023-10-04 15:18:45.304998
Ürün1,Elektronik,Marka3,427,36,606,5,3.0,2024-04-19 15:18:45.305033
Ürün8,Kozmetik,Marka5,123,54,291,49,4.1,2023-07-27 15:18:45.305067
Ürün7,Giyim,Marka4,244,2,340,46,4.1,2023-07-11 15:18:45.305102
Ürün9,Elektronik,Marka2,251,60,834,15,2.1,2024-02-29 15:18:45.305137
Ürün4,Giyim,Marka3,137,80,206,1,3.2,2023-07-14 15:18:45.305172
Ürün4,Aksesuar,Marka4,195,42,451,23,1.9,2024-05-04 15:18:45.305214
Ürün4,Elektronik,Marka5,269,86,704,25,4.3,2023-08-03 15:18:45.305245
Ürün8,Kozmetik,Marka3,88,90,809,29,3.1,2023-09-01 15:18:45.305281
Ürün8,Elektronik,Marka4,340,47,104,42,4.4,2023-07-31 15:18:45.305319
Ürün10,Aksesuar,Marka1,234,16,672,36,2.7,2024-03-28 15:18:45.305357
Ürün8,Elektronik,Marka3,166,29,583,42,4.1,2023-12-01 15:18:45.305402
Ürün9,Kozmetik,Marka2,467,47,151,30,3.5,2024-03-15 15:18:45.305438
Ürün3,Elektronik,Marka1,492,60,831,49,2.1,2023-08-23 15:18:45.305473
Ürün5,Giyim,Marka2,35,80,327,39,4.7,2024-01-27 15:18:45.305509
Ürün5,Ev & Bahçe,Marka4,229,67,347,13,2.5,2024-04-02 15:18:45.305555
Ürün1,Kozmetik,Marka4,36,3,523,9,2.8,2024-01-07 15:18:45.305598
Ürün5,Giyim,Marka1,87,66,405,6,3.1,2023-09-04 15:18:45.305635
Ürün10,Kozmetik,Marka1,454,54,116,11,2.2,2023-12-24 15:18:45.305671
Ürün4,Ev & Bahçe,Marka4,163,39,46,0,2.1,2023-09-02 15:18:45.305707
Ürün6,Elektronik,Marka5,416,35,320,6,2.2,2024-04-07 15:18:45.305743
Ürün6,Elektronik,Marka1,237,8,429,36,2.5,2023-12-07 15:18:45.305779
Ürün2,Kozmetik,Marka5,415,50,476,42,4.5,2023-10-23 15:18:45.305834
Ürün4,Kozmetik,Marka2,368,38,307,35,1.7,2024-01-18 15:18:45.305873
Ürün3,Elektronik,Marka5,24,25,682,10,1.3,2024-03-22 15:18:45.305909
Ürün2,Aksesuar,Marka5,57,35,222,48,4.3,2023-09-25 15:18:45.305944
Ürün2,Kozmetik,Marka2,351,100,790,4,4.1,2024-04-22 15:18:45.305979
Ürün3,Aksesuar,Marka3,94,27,323,24,3.6,2024-02-17 15:18:45.306014
Ürün8,Aksesuar,Marka1,107,1,140,23,4.9,2023-08-25 15:18:45.306049
Ürün5,Elektronik,Marka5,192,23,773,17,3.8,2024-04-11 15:18:45.306084
Ürün9,Elektronik,Marka4,295,75,991,13,3.5,2024-05-17 15:18:45.306119
Ürün2,Elektronik,Marka1,265,93,756,38,2.2,2023-08-04 15:18:45.306152
Ürün3,Kozmetik,Marka3,236,97,546,21,3.0,2024-04-23 15:18:45.306192
Ürün1,Giyim,Marka2,130,88,814,6,3.4,2023-11-10 15:18:45.306230
Ürün3,Giyim,Marka2,312,17,674,7,3.2,2023-08-14 15:18:45.306261
Ürün2,Aksesuar,Marka1,308,100,88,36,2.6,2024-03-08 15:18:45.306299
Ürün10,Ev & Bahçe,Marka5,441,57,723,36,2.3,2023-07-22 15:18:45.306337
Ürün10,Ev & Bahçe,Marka2,325,99,27,38,2.9,2023-10-25 15:18:45.306372
Ürün2,Giyim,Marka4,104,90,939,3,2.9,2023-09-25 15:18:45.306408
Ürün1,Kozmetik,Marka4,279,38,801,13,3.8,2024-04-22 15:18:45.306443
Ürün10,Elektronik,Marka1,282,93,564,40,1.6,2023-12-18 15:18:45.306477
Ürün8,Elektronik,Marka5,289,18,1000,16,4.5,2023-06-19 15:18:45.306511
Ürün4,Giyim,Marka5,263,12,84,11,4.8,2024-03-26 15:18:45.306560
Ürün3,Elektronik,Marka4,340,44,201,2,2.6,2023-07-08 15:18:45.306595
Ürün3,Giyim,Marka4,105,81,341,37,4.2,2023-08-11 15:18:45.306631
Ürün4,Ev & Bahçe,Marka4,201,55,255,38,3.8,2024-03-06 15:18:45.306666
Ürün5,Kozmetik,Marka1,379,40,465,42,3.2,2023-10-30 15:18:45.306711
Ürün5,Kozmetik,Marka4,114,45,93,28,2.0,2023-12-01 15:18:45.306748
Ürün9,Giyim,Marka2,59,9,336,21,5.0,2024-06-10 15:18:45.306793
Ürün7,Giyim,Marka1,316,92,305,3,4.3,2024-05-21 15:18:45.306851
Ürün3,Elektronik,Marka1,107,75,35,0,1.4,2024-02-22 15:18:45.306890
Ürün1,Kozmetik,Marka4,90,81,578,45,4.0,2024-06-09 15:18:45.306927
Ürün5,Aksesuar,Marka2,51,48,605,24,4.1,2023-08-29 15:18:45.306963
Ürün3,Kozmetik,Marka4,206,76,592,44,2.2,2023-08-28 15:18:45.306999
Ürün2,Aksesuar,Marka4,224,29,527,3,1.5,2024-03-05 15:18:45.307034
Ürün7,Giyim,Marka2,276,52,633,1,2.6,2023-11-06 15:18:45.307071
Ürün2,Ev & Bahçe,Marka4,315,83,166,33,1.7,2024-06-09 15:18:45.307107
Ürün4,Elektronik,Marka1,377,51,150,21,4.1,2024-05-31 15:18:45.307142
Ürün10,Aksesuar,Marka5,153,18,735,35,2.1,2023-11-20 15:18:45.307177
Ürün5,Giyim,Marka5,257,68,473,41,1.9,2023-10-08 15:18:45.307212
Ürün2,Elektronik,Marka5,11,80,761,49,3.7,2024-06-10 15:18:45.307245
Ürün6,Aksesuar,Marka3,474,99,715,16,4.3,2024-05-22 15:18:45.307274
Ürün3,Aksesuar,Marka1,150,98,743,11,1.7,2023-12-21 15:18:45.307304
Ürün10,Giyim,Marka5,191,93,707,47,2.1,2024-05-04 15:18:45.307335
Ürün9,Elektronik,Marka2,26,95,787,5,4.9,2024-01-24 15:18:45.307366
Ürün1,Giyim,Marka5,271,51,778,1,1.9,2024-05-15 15:18:45.307398
Ürün10,Giyim,Marka4,220,18,537,5,1.4,2023-11-14 15:18:45.307430
Ürün5,Ev & Bahçe,Marka1,218,79,254,9,1.5,2023-06-27 15:18:45.307462
Ürün8,Elektronik,Marka4,51,31,268,34,3.2,2024-02-13 15:18:45.307493
Ürün4,Aksesuar,Marka2,308,5,265,8,3.3,2023-09-16 15:18:45.307542
Ürün7,Kozmetik,Marka1,12,45,672,2,4.7,2024-06-06 15:18:45.307582
Ürün9,Aksesuar,Marka1,220,38,24,14,3.4,2024-03-03 15:18:45.307617
Ürün3,Ev & Bahçe,Marka1,201,71,913,13,2.7,2024-01-22 15:18:45.307653
Ürün7,Elektronik,Marka3,288,66,153,21,3.6,2023-10-27 15:18:45.307689
Ürün2,Giyim,Marka2,474,56,557,20,3.2,2024-02-24 15:18:45.307724
Ürün5,Elektronik,Marka5,137,35,514,41,3.4,2023-12-17 15:18:45.307759
Ürün8,Aksesuar,Marka5,158,49,960,7,4.3,2023-11-08 15:18:45.307795
Ürün1,Elektronik,Marka2,148,18,147,48,2.9,2024-05-08 15:18:45.307847
Ürün1,Aksesuar,Marka2,32,60,303,29,4.8,2024-01-13 15:18:45.307885
Ürün5,Ev & Bahçe,Marka2,117,74,194,9,1.8,2023-10-25 15:18:45.307927
Ürün4,Giyim,Marka2,437,93,663,46,3.1,2023-09-09 15:18:45.307964
Ürün4,Ev & Bahçe,Marka1,227,64,176,28,4.6,2024-06-04 15:18:45.307998
Ürün7,Aksesuar,Marka3,267,9,84,3,1.7,2023-06-28 15:18:45.308032
Ürün8,Kozmetik,Marka2,332,57,920,32,4.7,2023-08-19 15:18:45.308068
Ürün9,Elektronik,Marka4,339,90,643,33,4.4,2023-11-19 15:18:45.308103
Ürün1,Giyim,Marka4,425,14,449,13,3.9,2023-11-30 15:18:45.308138
Ürün4,Aksesuar,Marka4,263,84,607,31,1.5,2023-10-31 15:18:45.308173
Ürün5,Elektronik,Marka1,108,15,852,16,1.2,2023-11-12 15:18:45.308208
Ürün4,Kozmetik,Marka4,63,42,128,8,4.1,2024-04-29 15:18:45.308242
Ürün9,Elektronik,Marka2,276,4,50,22,3.6,2023-12-02 15:18:45.308276
Ürün2,Elektronik,Marka2,55,20,101,27,4.7,2023-12-15 15:18:45.308311
Ürün7,Ev & Bahçe,Marka2,81,16,581,42,3.1,2023-11-02 15:18:45.308345
Ürün8,Ev & Bahçe,Marka4,73,7,140,10,3.4,2023-07-21 15:18:45.308380
Ürün2,Kozmetik,Marka1,339,57,336,50,3.4,2024-03-19 15:18:45.308416
Ürün6,Aksesuar,Marka3,381,99,75,42,1.6,2024-03-23 15:18:45.308451
Ürün7,Aksesuar,Marka3,294,6,125,25,3.9,2023-09-21 15:18:45.308486
Ürün10,Elektronik,Marka1,73,58,131,22,2.7,2024-01-27 15:18:45.308531
Ürün1,Ev & Bahçe,Marka3,488,79,372,8,2.4,2024-03-24 15:18:45.308571
Ürün1,Kozmetik,Marka3,369,40,158,42,2.7,2023-09-25 15:18:45.308608
Ürün8,Kozmetik,Marka5,466,37,182,39,1.0,2023-10-12 15:18:45.308644
Ürün10,Elektronik,Marka3,389,2,717,21,3.4,2023-10-12 15:18:45.308679
Ürün8,Ev & Bahçe,Marka4,360,48,88,12,1.7,2024-05-15 15:18:45.308714
Ürün8,Ev & Bahçe,Marka5,93,8,34,10,4.4,2023-10-13 15:18:45.308749
Ürün4,Elektronik,Marka1,59,6,309,39,4.0,2023-11-20 15:18:45.308785
Ürün10,Giyim,Marka4,210,38,641,49,3.7,2024-02-01 15:18:45.308842
Ürün8,Kozmetik,Marka5,310,36,226,30,2.1,2024-05-26 15:18:45.308880
Ürün10,Giyim,Marka1,354,19,449,33,3.2,2024-03-23 15:18:45.308918
Ürün8,Kozmetik,Marka3,186,18,908,35,1.3,2023-11-23 15:18:45.308954
Ürün9,Ev & Bahçe,Marka1,468,85,445,8,4.5,2024-03-26 15:18:45.308990
Ürün5,Kozmetik,Marka5,458,43,360,30,4.6,2023-06-26 15:18:45.309026
Ürün2,Elektronik,Marka4,471,56,742,24,2.9,2024-06-11 15:18:45.309061
Ürün9,Giyim,Marka5,211,41,780,28,2.2,2024-05-08 15:18:45.309103
Ürün6,Elektronik,Marka5,499,100,360,39,3.3,2023-11-24 15:18:45.309139
Ürün4,Aksesuar,Marka5,380,64,38,40,2.8,2024-03-02 15:18:45.309174
Ürün9,Aksesuar,Marka5,357,19,685,50,2.8,2023-11-16 15:18:45.309208
Ürün4,Elektronik,Marka4,356,87,546,28,1.9,2023-12-18 15:18:45.309243
Ürün10,Kozmetik,Marka1,420,47,907,31,1.3,2023-07-06 15:18:45.309281
Ürün7,Ev & Bahçe,Marka1,64,95,521,44,2.3,2023-08-16 15:18:45.309316
Ürün9,Aksesuar,Marka5,322,29,873,50,3.7,2024-01-26 15:18:45.309355
Ürün9,Aksesuar,Marka5,394,37,601,20,2.3,2024-02-22 15:18:45.309392
Ürün6,Giyim,Marka3,250,77,367,42,2.7,2024-02-24 15:18:45.309426
Ürün3,Kozmetik,Marka5,362,39,48,15,2.3,2023-11-20 15:18:45.309462
Ürün8,Ev & Bahçe,Marka2,472,79,241,10,2.4,2024-02-10 15:18:45.309497
Ürün2,Kozmetik,Marka5,258,73,742,46,1.2,2023-12-19 15:18:45.309538
Ürün10,Giyim,Marka3,437,43,398,21,3.9,2023-08-08 15:18:45.309576
Ürün3,Elektronik,Marka3,227,71,687,14,4.7,2024-03-31 15:18:45.309613
Ürün5,Giyim,Marka4,454,52,754,20,3.6,2023-09-25 15:18:45.309648
Ürün2,Elektronik,Marka1,215,44,790,48,3.3,2024-06-11 15:18:45.309683
Ürün8,Aksesuar,Marka1,252,94,171,17,3.1,2024-04-26 15:18:45.309720
Ürün2,Giyim,Marka5,132,4,916,5,1.2,2023-11-02 15:18:45.309755
Ürün7,Ev & Bahçe,Marka1,112,13,596,8,5.0,2024-03-04 15:18:45.309790
Ürün8,Elektronik,Marka1,147,46,246,20,4.4,2024-04-29 15:18:45.309857
Ürün6,Kozmetik,Marka1,149,42,368,3,4.2,2023-12-28 15:18:45.309895
Ürün10,Giyim,Marka4,92,55,416,50,1.4,2023-06-16 15:18:45.309933
Ürün7,Aksesuar,Marka1,211,6,547,31,3.4,2023-09-22 15:18:45.309969
Ürün9,Ev & Bahçe,Marka3,327,73,260,2,2.8,2023-06-15 15:18:45.310005
Ürün7,Aksesuar,Marka3,347,67,304,18,1.2,2024-01-11 15:18:45.310040
Ürün4,Elektronik,Marka4,133,90,662,11,4.9,2023-07-01 15:18:45.310075
Ürün9,Aksesuar,Marka2,386,73,315,40,4.2,2024-06-06 15:18:45.310109
Ürün8,Kozmetik,Marka4,165,44,420,37,1.9,2024-03-31 15:18:45.310144
Ürün9,Giyim,Marka2,387,70,330,11,4.7,2023-07-17 15:18:45.310180
Ürün10,Giyim,Marka1,430,40,417,4,4.4,2023-07-08 15:18:45.310215
Ürün10,Giyim,Marka3,394,52,198,30,4.9,2023-11-02 15:18:45.310250
Ürün10,Elektronik,Marka1,301,78,730,24,2.3,2024-01-29 15:18:45.310300
Ürün8,Ev & Bahçe,Marka3,363,61,268,36,4.4,2023-10-04 15:18:45.310336
Ürün4,Giyim,Marka5,371,64,229,4,1.1,2023-07-07 15:18:45.310372
Ürün8,Kozmetik,Marka1,228,58,96,23,1.5,2024-04-28 15:18:45.310407
Ürün9,Elektronik,Marka3,377,32,683,35,4.3,2023-06-26 15:18:45.310442
Ürün4,Ev & Bahçe,Marka4,396,83,557,32,2.5,2024-03-22 15:18:45.310476
Ürün2,Elektronik,Marka3,494,28,324,50,1.4,2023-09-28 15:18:45.310512
Ürün3,Kozmetik,Marka5,187,22,534,46,4.6,2023-11-01 15:18:45.310549
Ürün5,Giyim,Marka2,451,36,526,7,1.1,2023-07-14 15:18:45.310581
Ürün6,Elektronik,Marka1,163,87,18,39,2.9,2023-12-30 15:18:45.310614
Ürün2,Aksesuar,Marka3,390,88,836,34,2.1,2024-02-18 15:18:45.310642
Ürün6,Kozmetik,Marka1,254,18,426,11,2.6,2024-03-08 15:18:45.310670
Ürün1,Giyim,Marka1,441,86,395,10,3.7,2024-02-24 15:18:45.310701
Ürün10,Elektronik,Marka4,224,35,943,45,4.8,2024-04-19 15:18:45.310729
Ürün2,Elektronik,Marka1,478,79,685,25,3.8,2024-01-15 15:18:45.310762
Ürün3,Elektronik,Marka2,219,7,33,25,4.4,2023-07-05 15:18:45.310794
Ürün1,Giyim,Marka5,112,86,266,25,2.4,2024-06-02 15:18:45.310845
Ürün9,Elektronik,Marka4,267,8,751,39,1.8,2024-03-13 15:18:45.310876
Ürün7,Giyim,Marka5,315,97,508,23,1.9,2023-12-11 15:18:45.310908
Ürün2,Giyim,Marka5,415,70,758,30,3.7,2024-01-12 15:18:45.310939
Ürün4,Kozmetik,Marka5,453,46,469,21,2.6,2023-12-10 15:18:45.310974
Ürün7,Kozmetik,Marka3,372,5,541,7,3.6,2023-10-10 15:18:45.311005
Ürün2,Giyim,Marka3,350,20,346,46,4.1,2024-03-19 15:18:45.311047
Ürün4,Giyim,Marka2,118,87,440,33,4.4,2023-09-03 15:18:45.311078
Ürün8,Ev & Bahçe,Marka2,175,6,157,1,4.9,2023-07-29 15:18:45.311111
Ürün9,Aksesuar,Marka5,416,23,393,32,3.7,2024-03-27 15:18:45.311142
Ürün3,Aksesuar,Marka5,391,65,645,18,4.1,2023-09-10 15:18:45.311173
Ürün6,Aksesuar,Marka1,374,46,53,22,3.7,2023-09-12 15:18:45.311204
Ürün9,Kozmetik,Marka2,290,63,238,47,3.0,2024-06-12 15:18:45.311234
Ürün7,Giyim,Marka1,410,9,485,48,4.0,2023-06-21 15:18:45.311266
Ürün7,Aksesuar,Marka2,198,26,386,2,1.8,2024-06-12 15:18:45.311297
Ürün5,Elektronik,Marka5,348,65,602,26,4.8,2023-08-25 15:18:45.311328
Ürün8,Elektronik,Marka4,136,49,916,40,1.8,2023-07-23 15:18:45.311377
Ürün5,Elektronik,Marka1,123,95,432,10,3.2,2023-08-22 15:18:45.311410
Ürün9,Kozmetik,Marka1,458,78,56,16,4.7,2023-07-25 15:18:45.311440
Ürün1,Aksesuar,Marka1,417,47,731,24,4.6,2024-05-05 15:18:45.311471
Ürün1,Aksesuar,Marka3,300,85,513,28,1.6,2023-12-06 15:18:45.311502
Ürün7,Kozmetik,Marka3,18,26,671,11,1.9,2023-08-22 15:18:45.311540
Ürün6,Giyim,Marka5,39,63,882,25,1.7,2024-02-09 15:18:45.311570
Ürün2,Ev & Bahçe,Marka2,454,89,798,37,1.9,2023-10-29 15:18:45.311600
Ürün10,Kozmetik,Marka1,306,90,455,36,2.1,2024-02-16 15:18:45.311631
Ürün4,Kozmetik,Marka3,246,72,247,26,1.1,2024-01-04 15:18:45.311662
Ürün9,Ev & Bahçe,Marka4,497,52,119,32,4.5,2023-06-17 15:18:45.311693
Ürün7,Elektronik,Marka5,199,92,650,25,3.2,2023-10-01 15:18:45.311724
Ürün7,Elektronik,Marka3,69,97,34,40,1.2,2023-11-04 15:18:45.311756
Ürün2,Aksesuar,Marka5,46,94,129,12,4.1,2024-02-05 15:18:45.311787
Ürün4,Aksesuar,Marka1,177,5,208,34,4.1,2024-03-11 15:18:45.311834
Ürün1,Kozmetik,Marka2,373,98,789,39,1.4,2024-01-05 15:18:45.311865
Ürün8,Kozmetik,Marka4,324,56,654,29,2.5,2023-12-14 15:18:45.311896
Ürün5,Elektronik,Marka4,61,75,791,27,3.5,2024-05-05 15:18:45.311927
Ürün10,Elektronik,Marka2,272,65,286,7,4.4,2024-02-19 15:18:45.311958
Ürün7,Giyim,Marka4,396,29,9,15,3.6,2023-11-25 15:18:45.311989
Ürün2,Aksesuar,Marka2,446,78,500,44,2.8,2023-09-29 15:18:45.312020
Ürün7,Ev & Bahçe,Marka2,78,2,378,6,3.1,2023-11-26 15:18:45.312050
Ürün9,Giyim,Marka3,81,54,27,32,3.9,2023-12-21 15:18:45.312081
Ürün4,Kozmetik,Marka5,460,83,894,8,3.8,2023-06-20 15:18:45.312112
Ürün1,Aksesuar,Marka3,478,28,356,48,1.1,2024-05-11 15:18:45.312142
Ürün10,Elektronik,Marka4,209,11,189,4,3.2,2024-02-17 15:18:45.312173
Ürün10,Giyim,Marka2,350,17,317,47,3.9,2024-02-08 15:18:45.312203
Ürün8,Kozmetik,Marka5,169,29,903,10,1.1,2023-06-19 15:18:45.312234
Ürün10,Kozmetik,Marka1,376,24,549,40,4.3,2023-06-22 15:18:45.312264
Ürün2,Aksesuar,Marka2,239,37,894,32,1.1,2024-03-12 15:18:45.312295
Ürün10,Ev & Bahçe,Marka4,41,0,493,44,3.6,2023-10-16 15:18:45.312325
Ürün2,Kozmetik,Marka2,378,74,216,22,4.0,2023-12-06 15:18:45.312360
Ürün8,Kozmetik,Marka3,496,76,699,40,3.0,2023-08-14 15:18:45.312392
Ürün10,Aksesuar,Marka2,398,54,766,18,1.6,2023-09-14 15:18:45.312422
Ürün2,Kozmetik,Marka1,321,22,553,48,2.8,2023-09-21 15:18:45.312453
Ürün10,Kozmetik,Marka5,258,34,365,5,2.5,2023-11-07 15:18:45.312483
Ürün9,Kozmetik,Marka3,203,64,816,28,2.0,2023-10-09 15:18:45.312519
Ürün9,Elektronik,Marka4,333,20,217,36,4.6,2023-11-27 15:18:45.312551
Ürün4,Giyim,Marka3,94,23,982,12,4.6,2023-08-21 15:18:45.312582
Ürün8,Kozmetik,Marka4,396,53,997,42,2.3,2024-02-05 15:18:45.312613
Ürün5,Aksesuar,Marka3,235,32,323,20,4.2,2024-06-01 15:18:45.312643
Ürün10,Elektronik,Marka2,47,45,356,7,4.6,2024-01-21 15:18:45.312673
Ürün4,Ev & Bahçe,Marka3,344,59,798,45,2.7,2024-02-01 15:18:45.312704
Ürün1,Aksesuar,Marka5,208,46,224,14,4.8,2024-01-02 15:18:45.312734
Ürün1,Ev & Bahçe,Marka1,381,0,672,1,2.1,2023-10-05 15:18:45.312763
Ürün10,Aksesuar,Marka4,440,52,369,48,3.1,2024-05-22 15:18:45.312795
Ürün7,Elektronik,Marka1,192,34,723,29,1.1,2024-03-05 15:18:45.312847
Ürün5,Giyim,Marka4,268,33,765,13,4.0,2024-03-14 15:18:45.312878
Ürün7,Giyim,Marka1,211,14,988,33,1.3,2023-07-13 15:18:45.312908
Ürün4,Giyim,Marka3,296,55,298,14,1.6,2024-01-13 15:18:45.312939
Ürün9,Ev & Bahçe,Marka5,377,47,388,31,3.0,2023-10-30 15:18:45.312969
Ürün5,Ev & Bahçe,Marka3,467,34,543,37,4.1,2024-04-25 15:18:45.313000
Ürün9,Elektronik,Marka2,318,57,385,49,2.5,2024-04-27 15:18:45.313038
Ürün1,Aksesuar,Marka3,71,18,574,40,3.5,2024-05-04 15:18:45.313069
Ürün5,Kozmetik,Marka2,318,47,788,9,4.2,2024-03-11 15:18:45.313100
Ürün3,Kozmetik,Marka2,174,12,880,17,3.0,2023-11-11 15:18:45.313130
Ürün3,Elektronik,Marka5,451,92,650,34,2.9,2024-03-16 15:18:45.313161
Ürün4,Elektronik,Marka2,430,85,319,5,3.4,2024-04-23 15:18:45.313191
Ürün7,Kozmetik,Marka4,358,67,915,19,4.3,2023-08-07 15:18:45.313221
Ürün2,Giyim,Marka5,308,77,632,46,2.2,2023-10-07 15:18:45.313252
Ürün6,Ev & Bahçe,Marka4,48,81,612,27,1.2,2023-11-27 15:18:45.313282
Ürün5,Ev & Bahçe,Marka2,62,33,221,41,4.4,2024-05-02 15:18:45.313313
Ürün1,Aksesuar,Marka1,382,92,845,46,4.5,2023-06-27 15:18:45.313343
Ürün8,Ev & Bahçe,Marka3,97,64,94,1,2.6,2023-07-11 15:18:45.313379
Ürün2,Elektronik,Marka3,46,74,223,22,4.2,2023-11-01 15:18:45.313411
Ürün4,Giyim,Marka1,461,24,910,4,2.0,2023-08-09 15:18:45.313442
Ürün6,Kozmetik,Marka3,258,18,836,40,2.6,2024-03-29 15:18:45.313472
Ürün4,Aksesuar,Marka4,218,1,680,32,4.1,2023-11-29 15:18:45.313502
Ürün8,Giyim,Marka1,388,69,970,25,1.7,2023-11-28 15:18:45.313540
Ürün1,Elektronik,Marka2,177,69,210,31,1.3,2024-03-19 15:18:45.313578
Ürün5,Giyim,Marka1,56,90,308,40,2.8,2023-09-18 15:18:45.313609
Ürün6,Giyim,Marka2,347,26,304,17,2.7,2024-02-09 15:18:45.313640
Ürün5,Aksesuar,Marka1,384,47,543,15,1.9,2023-11-30 15:18:45.313671
Ürün3,Elektronik,Marka3,363,85,406,2,1.6,2024-05-12 15:18:45.313701
Ürün8,Elektronik,Marka2,131,42,531,13,1.7,2024-05-21 15:18:45.313731
Ürün4,Giyim,Marka5,171,18,885,16,2.0,2023-10-02 15:18:45.313762
Ürün9,Kozmetik,Marka3,156,7,358,39,3.2,2024-03-26 15:18:45.313793
Ürün5,Elektronik,Marka2,482,31,839,17,4.2,2023-06-23 15:18:45.313840
Ürün8,Kozmetik,Marka3,326,28,341,19,3.5,2023-11-04 15:18:45.313872
Ürün5,Aksesuar,Marka1,240,76,235,48,1.8,2024-01-05 15:18:45.313903
Ürün2,Elektronik,Marka2,269,19,260,37,4.5,2023-07-20 15:18:45.313933
Ürün7,Giyim,Marka2,254,96,553,37,2.7,2024-06-11 15:18:45.313964
Ürün2,Kozmetik,Marka2,413,18,44,43,1.5,2024-05-04 15:18:45.313995
Ürün5,Aksesuar,Marka3,173,0,66,30,1.8,2023-11-08 15:18:45.314026
Ürün1,Kozmetik,Marka2,372,83,731,7,3.1,2024-05-13 15:18:45.314056
Ürün10,Aksesuar,Marka2,417,39,523,35,3.4,2024-03-17 15:18:45.314087
Ürün4,Giyim,Marka2,35,67,475,8,1.0,2023-07-09 15:18:45.314118
Ürün1,Giyim,Marka5,73,52,45,30,1.9,2023-11-23 15:18:45.314148
Ürün1,Elektronik,Marka1,204,99,749,9,3.2,2024-05-22 15:18:45.314179
Ürün7,Aksesuar,Marka3,283,39,343,23,1.4,2023-11-28 15:18:45.314210
Ürün6,Giyim,Marka4,448,8,848,16,4.3,2024-01-15 15:18:45.314241
Ürün6,Elektronik,Marka4,378,57,149,22,2.3,2024-02-18 15:18:45.314271
Ürün3,Giyim,Marka1,71,28,20,26,3.8,2023-09-08 15:18:45.314302
Ürün3,Aksesuar,Marka1,376,18,85,20,3.6,2023-11-12 15:18:45.314333
Ürün6,Aksesuar,Marka2,414,37,614,50,2.6,2023-08-17 15:18:45.314364
Ürün10,Giyim,Marka5,355,81,473,45,4.4,2024-01-11 15:18:45.314399
Ürün7,Aksesuar,Marka4,100,84,369,26,4.3,2024-03-24 15:18:45.314431
Ürün5,Giyim,Marka3,55,22,697,0,4.4,2024-03-19 15:18:45.314461
Ürün2,Elektronik,Marka5,71,16,852,36,4.6,2023-11-13 15:18:45.314492
Ürün8,Elektronik,Marka1,461,98,951,14,1.7,2023-08-01 15:18:45.314529
Ürün2,Elektronik,Marka3,101,39,806,1,2.6,2024-04-16 15:18:45.314562
Ürün1,Kozmetik,Marka2,434,46,121,10,3.7,2023-07-21 15:18:45.314593
Ürün9,Kozmetik,Marka2,300,86,537,8,4.6,2024-02-11 15:18:45.314623
Ürün7,Giyim,Marka1,191,89,345,24,1.2,2024-04-03 15:18:45.314654
Ürün5,Kozmetik,Marka1,212,58,963,18,2.9,2024-02-29 15:18:45.314685
Ürün3,Ev & Bahçe,Marka4,206,64,103,8,2.7,2023-12-17 15:18:45.314715
Ürün9,Elektronik,Marka3,201,2,145,31,2.5,2023-07-17 15:18:45.314746
Ürün5,Elektronik,Marka5,16,23,44,27,1.2,2023-10-02 15:18:45.314777
Ürün4,Giyim,Marka2,119,86,59,23,4.8,2023-10-25 15:18:45.314821
Ürün6,Kozmetik,Marka3,272,31,985,3,3.0,2023-07-17 15:18:45.314855
Ürün8,Aksesuar,Marka3,221,86,240,23,3.3,2024-01-30 15:18:45.314886
Ürün9,Elektronik,Marka4,298,72,544,26,1.2,2024-04-27 15:18:45.314916
Ürün7,Elektronik,Marka3,103,67,158,12,4.6,2023-07-28 15:18:45.314947
Ürün1,Kozmetik,Marka5,246,81,586,17,4.4,2023-10-16 15:18:45.314977
Ürün6,Aksesuar,Marka3,471,34,918,36,1.7,2024-02-08 15:18:45.315008
Ürün1,Aksesuar,Marka1,474,85,756,26,1.1,2024-03-26 15:18:45.315038
Ürün10,Kozmetik,Marka4,468,63,736,46,3.2,2024-06-02 15:18:45.315069
Ürün10,Elektronik,Marka1,179,49,961,15,2.6,2024-01-09 15:18:45.315100
Ürün6,Elektronik,Marka2,238,29,81,28,2.6,2023-09-02 15:18:45.315131
Ürün5,Giyim,Marka3,355,88,479,4,3.5,2024-01-28 15:18:45.315162
Ürün2,Aksesuar,Marka5,423,43,773,36,4.0,2023-06-27 15:18:45.315193
Ürün4,Elektronik,Marka3,307,82,718,35,3.0,2023-10-12 15:18:45.315224
Ürün8,Giyim,Marka1,286,22,648,14,1.5,2024-05-12 15:18:45.315254
Ürün5,Ev & Bahçe,Marka2,159,57,194,49,1.6,2023-07-07 15:18:45.315284
Ürün9,Aksesuar,Marka2,349,88,988,15,2.3,2024-03-06 15:18:45.315317
Ürün7,Aksesuar,Marka3,363,66,330,44,2.2,2023-08-27 15:18:45.315347
Ürün5,Kozmetik,Marka5,455,85,940,36,2.4,2023-06-13 15:18:45.315378
Ürün4,Ev & Bahçe,Marka3,173,93,747,28,2.2,2024-03-22 15:18:45.315415
Ürün3,Elektronik,Marka1,137,61,646,13,3.2,2023-10-09 15:18:45.315446
Ürün6,Giyim,Marka5,323,69,133,7,2.6,2023-12-13 15:18:45.315477
Ürün7,Elektronik,Marka3,287,31,769,28,3.6,2024-03-19 15:18:45.315507
Ürün7,Aksesuar,Marka2,287,6,668,12,3.2,2024-02-11 15:18:45.315549
Ürün10,Aksesuar,Marka4,109,53,472,16,1.1,2023-08-29 15:18:45.315579
Ürün4,Aksesuar,Marka2,353,76,797,16,4.9,2024-02-11 15:18:45.315610
Ürün1,Aksesuar,Marka1,355,55,574,37,3.0,2024-04-05 15:18:45.315641
Ürün8,Giyim,Marka4,302,44,451,32,2.4,2024-04-29 15:18:45.315671
Ürün4,Aksesuar,Marka1,335,21,796,32,1.4,2024-02-26 15:18:45.315702
Ürün10,Aksesuar,Marka2,418,12,435,4,1.5,2023-12-17 15:18:45.315732
Ürün6,Kozmetik,Marka2,33,16,46,4,4.3,2023-09-02 15:18:45.315763
Ürün7,Aksesuar,Marka2,19,58,758,33,1.2,2023-12-09 15:18:45.315795
Ürün2,Ev & Bahçe,Marka3,277,3,836,35,1.9,2023-08-18 15:18:45.315840
Ürün5,Elektronik,Marka1,102,19,177,48,2.9,2023-07-14 15:18:45.315871
Ürün7,Kozmetik,Marka2,322,83,186,50,3.1,2024-01-25 15:18:45.315902
Ürün4,Ev & Bahçe,Marka5,429,42,374,25,2.9,2023-11-26 15:18:45.315932
Ürün4,Aksesuar,Marka4,10,80,892,20,3.3,2023-07-19 15:18:45.315962
Ürün10,Kozmetik,Marka1,251,48,850,43,4.5,2024-03-22 15:18:45.315994
Ürün7,Elektronik,Marka3,481,80,868,22,1.4,2023-11-26 15:18:45.316032
Ürün7,Ev & Bahçe,Marka5,40,34,415,43,1.9,2023-07-07 15:18:45.316063
Ürün3,Ev & Bahçe,Marka5,303,87,345,40,4.1,2023-10-19 15:18:45.316094
Ürün9,Ev & Bahçe,Marka3,151,31,1,19,2.6,2023-07-18 15:18:45.316124
Ürün10,Ev & Bahçe,Marka4,425,70,449,33,2.1,2023-07-02 15:18:45.316155
Ürün7,Giyim,Marka1,284,30,86,1,2.9,2023-08-10 15:18:45.316185
Ürün2,Kozmetik,Marka1,108,96,729,19,1.2,2023-10-08 15:18:45.316216
Ürün10,Giyim,Marka1,195,51,369,21,2.9,2024-01-27 15:18:45.316247
Ürün7,Ev & Bahçe,Marka4,452,39,778,41,2.3,2023-07-07 15:18:45.316277
Ürün10,Giyim,Marka5,232,56,591,42,1.0,2023-10-30 15:18:45.316308
Ürün4,Giyim,Marka2,376,29,901,39,4.8,2023-08-29 15:18:45.316338
Ürün9,Aksesuar,Marka3,293,78,219,15,4.2,2024-05-28 15:18:45.316369
Ürün1,Elektronik,Marka4,183,74,376,33,3.3,2024-02-18 15:18:45.316404
Ürün2,Elektronik,Marka4,285,80,680,11,3.1,2024-04-17 15:18:45.316436
Ürün1,Giyim,Marka4,428,64,219,22,2.3,2023-09-27 15:18:45.316467
Ürün5,Kozmetik,Marka2,135,82,141,17,1.9,2024-05-16 15:18:45.316498
Ürün9,Elektronik,Marka3,347,65,731,40,2.1,2024-06-12 15:18:45.316540
Ürün10,Aksesuar,Marka2,303,78,265,25,3.7,2024-05-02 15:18:45.316571
Ürün9,Giyim,Marka4,288,73,573,26,4.7,2024-01-26 15:18:45.316602
Ürün6,Ev & Bahçe,Marka1,162,41,652,46,1.5,2023-09-18 15:18:45.316631
Ürün4,Aksesuar,Marka3,93,28,93,44,2.9,2024-03-11 15:18:45.316662
Ürün8,Aksesuar,Marka5,124,33,422,43,1.5,2024-01-11 15:18:45.316693
Ürün7,Elektronik,Marka3,50,9,102,41,3.0,2024-05-09 15:18:45.316723
Ürün4,Ev & Bahçe,Marka2,316,14,356,30,2.7,2023-12-29 15:18:45.316754
Ürün1,Giyim,Marka1,386,40,383,49,1.2,2023-10-20 15:18:45.316921
Ürün7,Aksesuar,Marka4,228,82,520,26,2.0,2024-01-16 15:18:45.317031
Ürün6,Ev & Bahçe,Marka2,282,95,587,38,3.9,2024-02-08 15:18:45.317072
Ürün4,Giyim,Marka4,205,61,295,10,4.0,2024-04-28 15:18:45.317107
Ürün9,Elektronik,Marka1,342,83,301,38,4.2,2024-01-23 15:18:45.317142
Ürün6,Ev & Bahçe,Marka1,319,29,416,49,4.4,2024-03-16 15:18:45.317184
Ürün2,Elektronik,Marka4,67,1,610,11,2.9,2024-06-02 15:18:45.317216
Ürün4,Ev & Bahçe,Marka4,500,87,543,19,4.9,2024-05-23 15:18:45.317249
Ürün9,Kozmetik,Marka3,367,59,794,31,3.4,2023-07-05 15:18:45.317283
Ürün7,Aksesuar,Marka4,381,93,623,20,3.8,2023-11-30 15:18:45.317316
Ürün5,Ev & Bahçe,Marka1,458,17,611,44,1.5,2023-07-18 15:18:45.317349
Ürün7,Kozmetik,Marka3,367,25,399,23,1.3,2024-03-23 15:18:45.317389
Ürün10,Ev & Bahçe,Marka1,169,3,192,25,3.2,2024-06-07 15:18:45.317422
Ürün8,Giyim,Marka5,256,82,930,7,3.1,2024-01-23 15:18:45.317453
Ürün8,Elektronik,Marka5,388,66,754,46,3.5,2023-06-22 15:18:45.317486
Ürün6,Elektronik,Marka5,58,15,217,5,4.8,2023-12-26 15:18:45.317528
Ürün6,Kozmetik,Marka4,188,10,903,4,2.4,2024-02-16 15:18:45.317562
Ürün9,Ev & Bahçe,Marka4,224,37,750,14,2.5,2023-12-21 15:18:45.317595
Ürün4,Kozmetik,Marka3,254,61,654,7,3.9,2023-07-17 15:18:45.317627
Ürün5,Elektronik,Marka3,214,77,218,42,1.6,2023-09-04 15:18:45.317658
Ürün8,Elektronik,Marka5,499,9,291,3,2.0,2023-10-04 15:18:45.317699
Ürün1,Kozmetik,Marka3,340,59,35,39,4.1,2023-09-12 15:18:45.317733
Ürün3,Giyim,Marka3,406,8,819,49,1.6,2023-08-07 15:18:45.317764
Ürün7,Ev & Bahçe,Marka1,347,41,882,40,3.6,2024-01-08 15:18:45.317811
Ürün1,Giyim,Marka1,333,86,800,22,3.7,2023-12-30 15:18:45.317848
Ürün1,Giyim,Marka1,390,10,925,7,4.1,2024-02-23 15:18:45.317882
Ürün4,Elektronik,Marka5,204,60,999,33,3.7,2024-04-20 15:18:45.317915
Ürün4,Kozmetik,Marka5,226,85,604,47,3.8,2023-12-31 15:18:45.317947
Ürün9,Elektronik,Marka5,201,5,318,20,3.5,2023-08-22 15:18:45.317979
Ürün9,Giyim,Marka1,392,47,913,21,2.3,2024-05-21 15:18:45.318011
Ürün2,Ev & Bahçe,Marka4,493,10,322,24,4.2,2023-10-12 15:18:45.318042
Ürün9,Elektronik,Marka2,402,55,155,14,1.3,2023-07-10 15:18:45.318074
Ürün7,Aksesuar,Marka2,110,93,91,29,2.8,2023-08-14 15:18:45.318105
Ürün8,Elektronik,Marka3,435,22,534,47,1.4,2024-05-14 15:18:45.318137
Ürün9,Ev & Bahçe,Marka1,41,37,803,0,2.6,2023-09-08 15:18:45.318169
Ürün6,Elektronik,Marka3,485,13,307,47,4.7,2023-08-08 15:18:45.318201
Ürün10,Aksesuar,Marka5,99,12,552,11,1.4,2024-02-15 15:18:45.318234
Ürün7,Elektronik,Marka1,389,79,483,24,2.3,2024-01-06 15:18:45.318271
Ürün1,Kozmetik,Marka3,126,48,202,49,1.5,2023-07-21 15:18:45.318304
Ürün7,Giyim,Marka5,265,22,130,25,1.6,2024-05-22 15:18:45.318336
Ürün9,Kozmetik,Marka4,222,96,699,21,1.7,2023-08-21 15:18:45.318368
Ürün4,Ev & Bahçe,Marka3,120,63,893,13,2.6,2024-03-15 15:18:45.318400
Ürün6,Elektronik,Marka3,430,22,868,7,3.3,2023-08-08 15:18:45.318433
Ürün9,Elektronik,Marka2,201,41,199,45,4.0,2024-01-19 15:18:45.318465
Ürün1,Aksesuar,Marka2,259,14,505,17,2.7,2023-06-26 15:18:45.318505
Ürün3,Ev & Bahçe,Marka4,483,26,91,14,1.3,2023-10-08 15:18:45.318589
Ürün7,Giyim,Marka4,174,84,11,22,4.2,2024-03-11 15:18:45.318622
Ürün7,Giyim,Marka3,80,16,149,35,2.8,2024-05-09 15:18:45.318655
Ürün6,Giyim,Marka1,432,50,106,21,1.6,2023-11-17 15:18:45.318693
Ürün6,Ev & Bahçe,Marka2,369,24,154,18,3.0,2023-10-04 15:18:45.318726
Ürün4,Aksesuar,Marka5,499,8,37,39,3.7,2023-10-21 15:18:45.318759
Ürün10,Giyim,Marka5,41,100,468,34,4.1,2023-10-12 15:18:45.318794
Ürün6,Elektronik,Marka3,411,100,281,5,4.9,2023-08-08 15:18:45.318850
Ürün9,Giyim,Marka4,231,90,154,29,4.6,2024-06-08 15:18:45.318884
Ürün5,Ev & Bahçe,Marka3,173,16,671,47,3.0,2023-11-22 15:18:45.318917
Ürün2,Ev & Bahçe,Marka2,491,4,916,1,3.4,2023-07-06 15:18:45.318950
Ürün1,Aksesuar,Marka3,53,94,196,6,2.1,2023-12-02 15:18:45.318983
Ürün9,Ev & Bahçe,Marka3,357,86,963,15,2.8,2024-03-31 15:18:45.319015
Ürün10,Elektronik,Marka4,459,70,323,25,1.1,2023-11-21 15:18:45.319048
Ürün9,Kozmetik,Marka1,487,64,846,13,4.7,2024-04-16 15:18:45.319081
Ürün10,Aksesuar,Marka3,402,7,724,44,1.1,2024-03-03 15:18:45.319114
Ürün6,Ev & Bahçe,Marka3,20,43,752,7,2.9,2024-01-25 15:18:45.319146
Ürün10,Elektronik,Marka4,62,37,902,17,3.7,2024-03-26 15:18:45.319179
Ürün6,Elektronik,Marka1,48,66,979,40,3.1,2024-01-25 15:18:45.319214
Ürün10,Aksesuar,Marka3,164,71,292,14,4.0,2023-09-11 15:18:45.319247
Ürün7,Ev & Bahçe,Marka1,295,98,493,24,3.9,2023-08-19 15:18:45.319280
Ürün2,Giyim,Marka3,386,69,664,11,3.3,2024-03-18 15:18:45.319312
Ürün2,Kozmetik,Marka2,54,18,882,11,4.4,2023-06-13 15:18:45.319344
Ürün4,Elektronik,Marka4,454,40,181,49,2.4,2023-10-29 15:18:45.319376
Ürün7,Giyim,Marka3,416,19,512,43,3.4,2024-01-02 15:18:45.319409
Ürün1,Ev & Bahçe,Marka1,152,62,260,1,3.3,2024-01-22 15:18:45.319440
Ürün2,Ev & Bahçe,Marka4,315,7,215,8,1.2,2023-12-06 15:18:45.319472
Ürün6,Giyim,Marka4,270,24,951,43,4.4,2024-06-09 15:18:45.319504
Ürün4,Giyim,Marka5,414,17,939,40,2.7,2024-02-09 15:18:45.319545
Ürün1,Aksesuar,Marka2,235,63,497,13,4.9,2024-03-27 15:18:45.319577
Ürün8,Aksesuar,Marka3,90,13,712,30,4.2,2023-09-18 15:18:45.319610
Ürün10,Ev & Bahçe,Marka5,50,58,864,39,2.8,2024-01-05 15:18:45.319644
Ürün6,Kozmetik,Marka5,124,18,825,4,2.9,2024-05-26 15:18:45.319683
Ürün1,Ev & Bahçe,Marka4,147,61,961,19,2.2,2024-03-16 15:18:45.319714
Ürün5,Elektronik,Marka5,448,85,392,34,1.8,2024-05-20 15:18:45.319746
Ürün6,Giyim,Marka3,35,62,101,44,1.1,2024-01-02 15:18:45.319779
Ürün2,Elektronik,Marka5,28,59,548,50,4.1,2023-11-07 15:18:45.319836
Ürün4,Aksesuar,Marka3,25,97,925,46,4.7,2023-11-26 15:18:45.319869
Ürün1,Ev & Bahçe,Marka2,303,53,199,38,2.8,2023-08-23 15:18:45.319901
Ürün4,Ev & Bahçe,Marka3,151,8,366,36,2.6,2023-08-05 15:18:45.319939
Ürün1,Aksesuar,Marka1,410,49,25,31,1.0,2024-02-09 15:18:45.319972
Ürün5,Aksesuar,Marka2,263,62,800,7,2.6,2024-01-12 15:18:45.320003
Ürün1,Kozmetik,Marka1,316,27,699,49,4.7,2023-07-26 15:18:45.320036
Ürün1,Giyim,Marka4,121,29,870,7,4.0,2024-02-19 15:18:45.320069
Ürün1,Aksesuar,Marka4,466,36,817,28,4.9,2023-07-05 15:18:45.320102
Ürün3,Kozmetik,Marka3,483,9,207,44,1.8,2023-09-20 15:18:45.320134
Ürün1,Elektronik,Marka1,278,35,916,45,2.1,2024-03-07 15:18:45.320166
Ürün8,Giyim,Marka5,430,51,380,26,1.3,2023-10-17 15:18:45.320197
Ürün1,Elektronik,Marka3,465,85,952,4,2.8,2024-02-25 15:18:45.320229
Ürün3,Elektronik,Marka3,281,11,938,27,1.5,2024-01-09 15:18:45.320261
Ürün1,Kozmetik,Marka4,69,7,687,15,1.8,2024-05-16 15:18:45.320293
Ürün2,Ev & Bahçe,Marka2,323,18,133,46,1.2,2023-11-02 15:18:45.320325
Ürün10,Elektronik,Marka4,133,78,155,32,5.0,2024-06-12 15:18:45.320357
Ürün4,Giyim,Marka5,22,21,860,31,2.6,2023-12-06 15:18:45.320390
Ürün10,Ev & Bahçe,Marka3,22,92,663,49,4.8,2023-11-13 15:18:45.320422
Ürün10,Kozmetik,Marka2,432,100,587,33,4.2,2023-09-24 15:18:45.320454
Ürün8,Giyim,Marka2,243,17,20,24,3.6,2024-02-28 15:18:45.320487
Ürün5,Giyim,Marka2,224,4,359,30,2.4,2024-05-22 15:18:45.320526
Ürün6,Giyim,Marka2,273,86,449,14,2.9,2024-02-21 15:18:45.320561
Ürün8,Aksesuar,Marka5,342,35,946,34,4.6,2023-12-15 15:18:45.320594
Ürün1,Elektronik,Marka3,339,20,855,14,2.9,2023-06-13 15:18:45.320627
Ürün4,Giyim,Marka5,301,81,656,22,4.3,2023-12-17 15:18:45.320659
Ürün2,Ev & Bahçe,Marka3,194,36,714,9,2.9,2024-03-13 15:18:45.320692
Ürün2,Ev & Bahçe,Marka1,148,13,975,37,1.1,2023-11-02 15:18:45.320724
Ürün2,Elektronik,Marka2,412,77,7,12,2.0,2024-05-04 15:18:45.320756
Ürün10,Giyim,Marka4,192,69,977,13,4.5,2024-05-07 15:18:45.320789
Ürün10,Aksesuar,Marka1,254,14,246,32,3.9,2023-12-15 15:18:45.320836
Ürün8,Kozmetik,Marka1,223,46,37,42,4.3,2024-03-03 15:18:45.320869
Ürün7,Elektronik,Marka5,40,12,628,10,1.1,2024-05-24 15:18:45.320901
Ürün8,Kozmetik,Marka3,363,65,292,41,1.9,2024-01-14 15:18:45.320934
Ürün2,Elektronik,Marka1,165,33,593,38,4.2,2023-06-16 15:18:45.320972
Ürün9,Giyim,Marka2,363,12,298,48,4.3,2023-12-02 15:18:45.321005
Ürün3,Aksesuar,Marka1,441,26,905,18,1.4,2023-10-13 15:18:45.321036
Ürün10,Ev & Bahçe,Marka3,84,0,629,29,3.8,2024-05-02 15:18:45.321069
Ürün9,Elektronik,Marka3,431,68,75,35,3.7,2024-02-12 15:18:45.321102
Ürün5,Aksesuar,Marka1,451,27,571,27,2.7,2024-04-19 15:18:45.321135
Ürün3,Kozmetik,Marka3,361,0,60,1,4.5,2023-08-18 15:18:45.321169
Ürün9,Elektronik,Marka5,45,60,318,20,1.1,2023-11-15 15:18:45.321203
Ürün10,Ev & Bahçe,Marka2,407,56,29,31,1.5,2023-09-20 15:18:45.321238
Ürün9,Kozmetik,Marka3,242,22,643,12,2.1,2023-09-24 15:18:45.321284
Ürün8,Giyim,Marka4,16,72,795,8,3.4,2024-03-28 15:18:45.321319
Ürün5,Ev & Bahçe,Marka5,424,67,708,31,4.0,2023-11-30 15:18:45.321351
Ürün8,Elektronik,Marka3,341,96,908,48,3.7,2023-12-02 15:18:45.321382
Ürün5,Giyim,Marka5,216,73,497,5,4.3,2023-09-30 15:18:45.321413
Ürün6,Kozmetik,Marka5,346,87,582,39,2.5,2023-07-16 15:18:45.321446
Ürün1,Ev & Bahçe,Marka3,462,42,125,32,3.1,2023-12-24 15:18:45.321477
Ürün1,Giyim,Marka1,220,20,990,17,3.5,2023-07-14 15:18:45.321516
Ürün4,Giyim,Marka2,430,66,511,33,1.2,2023-09-02 15:18:45.321551
Ürün3,Elektronik,Marka1,254,59,838,43,4.4,2024-06-07 15:18:45.321584
Ürün8,Kozmetik,Marka5,192,65,800,15,1.0,2023-09-03 15:18:45.321618
Ürün4,Ev & Bahçe,Marka1,381,79,424,43,1.8,2024-06-01 15:18:45.321652
Ürün10,Ev & Bahçe,Marka1,465,2,154,46,2.2,2023-09-21 15:18:45.321686
Ürün10,Giyim,Marka4,376,73,58,34,1.9,2023-12-23 15:18:45.321719
Ürün2,Aksesuar,Marka5,175,4,568,18,2.1,2023-08-22 15:18:45.321752
Ürün6,Elektronik,Marka2,177,60,277,40,3.0,2023-09-15 15:18:45.321784
Ürün7,Giyim,Marka2,420,86,409,6,4.6,2024-01-20 15:18:45.321838
Ürün2,Aksesuar,Marka1,89,7,631,17,1.7,2024-01-12 15:18:45.321873
Ürün4,Giyim,Marka5,257,73,219,10,4.9,2023-10-28 15:18:45.321905
Ürün2,Kozmetik,Marka1,138,38,848,16,2.3,2023-07-03 15:18:45.321937
Ürün6,Aksesuar,Marka5,79,11,945,45,4.1,2024-05-19 15:18:45.321970
Ürün8,Kozmetik,Marka5,328,52,78,1,1.7,2023-12-15 15:18:45.322002
Ürün5,Kozmetik,Marka3,146,52,781,48,4.1,2024-05-17 15:18:45.322034
Ürün9,Ev & Bahçe,Marka5,329,56,831,29,3.6,2023-10-22 15:18:45.322074
Ürün9,Giyim,Marka5,383,72,125,4,3.2,2023-09-20 15:18:45.322107
Ürün10,Giyim,Marka5,69,95,918,13,2.1,2023-09-11 15:18:45.322138
Ürün1,Elektronik,Marka1,128,0,14,20,1.2,2023-06-16 15:18:45.322182
Ürün5,Aksesuar,Marka3,467,71,720,29,3.7,2024-01-21 15:18:45.322216
Ürün4,Kozmetik,Marka4,125,52,612,2,4.1,2024-05-10 15:18:45.322248
Ürün8,Elektronik,Marka3,479,80,335,29,1.6,2024-01-05 15:18:45.322279
Ürün3,Ev & Bahçe,Marka1,151,69,608,17,4.0,2024-04-18 15:18:45.322311
Ürün2,Aksesuar,Marka4,95,33,194,21,2.6,2024-02-02 15:18:45.322343
Ürün4,Giyim,Marka1,288,12,694,19,3.3,2023-10-02 15:18:45.322375
Ürün1,Elektronik,Marka4,395,0,771,46,4.9,2023-12-07 15:18:45.322429
Ürün1,Elektronik,Marka4,125,55,616,29,1.3,2023-09-02 15:18:45.322461
Ürün8,Giyim,Marka2,88,30,423,33,3.6,2024-01-02 15:18:45.322494
Ürün3,Elektronik,Marka1,297,61,874,14,3.8,2024-01-07 15:18:45.322540
Ürün8,Giyim,Marka5,470,87,749,12,2.1,2023-08-03 15:18:45.322573
Ürün10,Ev & Bahçe,Marka4,87,76,616,46,3.9,2023-12-23 15:18:45.322605
Ürün6,Aksesuar,Marka5,79,71,702,39,1.4,2023-06-13 15:18:45.322636
Ürün4,Elektronik,Marka2,354,28,600,29,5.0,2023-12-29 15:18:45.322667
Ürün9,Giyim,Marka4,241,37,457,49,4.3,2023-08-16 15:18:45.322699
Ürün3,Kozmetik,Marka3,16,49,280,41,2.1,2023-12-19 15:18:45.322731
Ürün7,Elektronik,Marka3,205,64,22,32,2.6,2024-05-31 15:18:45.322762
Ürün1,Elektronik,Marka5,159,27,663,34,2.9,2023-06-15 15:18:45.322796
Ürün4,Giyim,Marka3,188,38,85,13,1.6,2024-02-24 15:18:45.322843
Ürün6,Elektronik,Marka2,168,56,305,39,4.0,2023-10-19 15:18:45.322875
Ürün3,Aksesuar,Marka4,208,91,849,43,1.4,2023-08-06 15:18:45.322906
Ürün4,Aksesuar,Marka3,173,71,999,6,3.2,2023-10-01 15:18:45.322937
Ürün9,Aksesuar,Marka4,274,26,338,13,2.7,2024-05-04 15:18:45.322969
Ürün8,Elektronik,Marka3,422,52,749,31,4.9,2024-03-05 15:18:45.322999
Ürün9,Ev & Bahçe,Marka4,278,25,365,7,4.7,2024-03-10 15:18:45.323046
Ürün4,Elektronik,Marka4,188,52,383,19,3.7,2023-10-18 15:18:45.323078
Ürün6,Giyim,Marka1,356,38,56,23,3.1,2024-03-26 15:18:45.323109
Ürün10,Kozmetik,Marka4,218,5,358,17,3.5,2023-06-20 15:18:45.323140
Ürün3,Ev & Bahçe,Marka3,496,15,141,31,2.7,2024-04-26 15:18:45.323177
Ürün8,Giyim,Marka1,111,46,186,23,2.6,2023-07-29 15:18:45.323209
Ürün2,Giyim,Marka3,210,73,241,49,2.2,2024-02-01 15:18:45.323241
Ürün8,Kozmetik,Marka1,137,58,109,37,3.4,2023-10-14 15:18:45.323272
Ürün2,Aksesuar,Marka1,282,71,248,13,3.1,2023-08-22 15:18:45.323304
Ürün3,Kozmetik,Marka1,343,14,372,47,1.9,2024-04-15 15:18:45.323335
Ürün9,Ev & Bahçe,Marka1,72,93,681,41,2.2,2024-05-02 15:18:45.323366
Ürün3,Elektronik,Marka1,138,5,449,16,1.2,2024-01-17 15:18:45.323396
Ürün10,Giyim,Marka3,471,68,390,8,2.9,2024-05-03 15:18:45.323426
Ürün1,Kozmetik,Marka5,471,83,600,12,3.7,2023-12-21 15:18:45.323458
Ürün5,Ev & Bahçe,Marka5,63,19,991,6,4.5,2024-06-09 15:18:45.323488
Ürün1,Elektronik,Marka2,281,43,824,19,4.3,2023-12-01 15:18:45.323526
Ürün2,Kozmetik,Marka1,464,76,186,9,3.3,2023-08-06 15:18:45.323563
Ürün7,Ev & Bahçe,Marka4,83,27,548,20,2.1,2023-07-03 15:18:45.323595
Ürün5,Aksesuar,Marka3,302,38,454,40,4.5,2023-08-06 15:18:45.323626
Ürün8,Giyim,Marka1,371,53,853,48,1.4,2023-09-29 15:18:45.323657
Ürün4,Elektronik,Marka3,100,85,732,45,1.3,2024-01-12 15:18:45.323689
Ürün1,Ev & Bahçe,Marka5,284,61,929,43,4.3,2024-04-10 15:18:45.323719
Ürün7,Aksesuar,Marka1,211,79,623,45,2.8,2023-07-18 15:18:45.323749
Ürün9,Giyim,Marka3,373,85,987,26,3.0,2024-04-09 15:18:45.323780
Ürün3,Kozmetik,Marka4,235,41,110,49,4.2,2023-07-03 15:18:45.323825
Ürün8,Elektronik,Marka5,254,56,945,23,4.3,2024-04-05 15:18:45.323858
Ürün1,Elektronik,Marka3,77,14,506,3,4.9,2024-04-14 15:18:45.323888
Ürün3,Elektronik,Marka4,204,76,426,21,3.2,2023-10-07 15:18:45.323919
Ürün3,Ev & Bahçe,Marka5,335,11,895,20,4.2,2024-05-20 15:18:45.323949
Ürün6,Giyim,Marka3,421,100,110,50,4.4,2023-12-24 15:18:45.323980
Ürün5,Elektronik,Marka2,45,44,252,33,4.6,2024-01-19 15:18:45.324011
Ürün10,Kozmetik,Marka2,365,11,344,1,2.7,2023-09-10 15:18:45.324042
Ürün10,Giyim,Marka1,348,88,203,16,3.2,2024-05-23 15:18:45.324074
Ürün7,Kozmetik,Marka3,418,7,754,2,1.5,2023-09-15 15:18:45.324106
Ürün10,Kozmetik,Marka2,59,19,368,35,4.6,2023-10-16 15:18:45.324136
Ürün10,Elektronik,Marka1,359,18,907,37,3.3,2024-01-31 15:18:45.324167
Ürün8,Kozmetik,Marka5,204,27,67,10,3.1,2023-11-27 15:18:45.324203
Ürün7,Aksesuar,Marka1,459,91,450,45,4.2,2024-02-07 15:18:45.324235
Ürün6,Ev & Bahçe,Marka1,163,55,898,12,1.5,2023-10-12 15:18:45.324265
Ürün10,Aksesuar,Marka3,464,92,700,11,2.9,2024-02-07 15:18:45.324297
Ürün1,Ev & Bahçe,Marka3,256,17,905,27,4.9,2023-11-02 15:18:45.324335
Ürün2,Giyim,Marka1,140,91,916,22,4.4,2024-01-08 15:18:45.324365
Ürün7,Elektronik,Marka5,166,70,539,12,3.0,2023-07-22 15:18:45.324396
Ürün1,Ev & Bahçe,Marka1,32,72,36,20,1.8,2024-04-13 15:18:45.324427
Ürün8,Kozmetik,Marka1,303,70,701,8,2.9,2024-02-17 15:18:45.324458
Ürün1,Kozmetik,Marka5,439,3,641,30,2.4,2023-12-08 15:18:45.324489
Ürün1,Elektronik,Marka3,115,99,991,49,4.5,2023-08-30 15:18:45.324527
Ürün7,Aksesuar,Marka1,50,9,454,24,1.2,2024-04-05 15:18:45.324560
Ürün7,Aksesuar,Marka4,12,83,184,2,3.0,2024-01-13 15:18:45.324591
Ürün1,Elektronik,Marka5,75,75,552,30,4.9,2023-10-24 15:18:45.324622
Ürün4,Giyim,Marka5,89,92,938,49,2.2,2023-09-18 15:18:45.324653
Ürün2,Kozmetik,Marka1,418,39,541,44,3.5,2023-09-05 15:18:45.324683
Ürün1,Kozmetik,Marka2,82,73,272,32,2.6,2023-12-16 15:18:45.324714
Ürün5,Giyim,Marka4,253,2,775,14,1.0,2023-11-15 15:18:45.324745
Ürün6,Elektronik,Marka1,394,65,550,3,1.1,2023-07-24 15:18:45.324776
Ürün4,Elektronik,Marka4,437,20,388,18,2.9,2023-11-26 15:18:45.324821
Ürün6,Kozmetik,Marka5,112,4,232,10,3.1,2024-05-25 15:18:45.324854
Ürün3,Ev & Bahçe,Marka5,338,74,126,32,4.6,2023-12-03 15:18:45.324885
Ürün6,Kozmetik,Marka4,484,86,555,45,3.5,2023-07-22 15:18:45.324916
Ürün9,Ev & Bahçe,Marka2,340,92,360,29,4.6,2023-08-19 15:18:45.324947
Ürün4,Giyim,Marka5,15,56,330,17,3.4,2024-04-14 15:18:45.324978
Ürün9,Giyim,Marka4,136,88,439,16,3.4,2024-03-22 15:18:45.325008
Ürün9,Aksesuar,Marka3,458,15,322,27,3.1,2023-08-26 15:18:45.325048
Ürün7,Giyim,Marka1,248,30,63,6,2.9,2024-01-05 15:18:45.325079
Ürün7,Elektronik,Marka2,382,57,662,7,2.4,2023-09-13 15:18:45.325110
Ürün3,Ev & Bahçe,Marka2,47,98,848,10,4.4,2024-04-19 15:18:45.325141
Ürün7,Ev & Bahçe,Marka5,207,3,29,34,2.0,2023-07-13 15:18:45.325172
Ürün2,Aksesuar,Marka3,137,11,480,28,2.2,2024-03-02 15:18:45.325216
Ürün9,Kozmetik,Marka4,349,27,552,2,1.5,2023-08-05 15:18:45.325254
Ürün8,Elektronik,Marka4,277,91,922,31,4.3,2024-03-30 15:18:45.325285
Ürün10,Giyim,Marka1,465,91,333,19,3.8,2023-08-17 15:18:45.325316
Ürün9,Giyim,Marka4,317,0,362,48,3.6,2024-03-13 15:18:45.325347
Ürün6,Ev & Bahçe,Marka4,461,64,847,4,3.8,2023-12-18 15:18:45.325377
Ürün1,Giyim,Marka5,243,19,717,38,4.1,2024-01-26 15:18:45.325408
Ürün3,Elektronik,Marka4,378,84,34,15,1.1,2024-03-31 15:18:45.325438
Ürün7,Giyim,Marka3,39,63,878,30,2.5,2024-04-16 15:18:45.325468
Ürün8,Kozmetik,Marka1,166,70,281,29,2.5,2024-02-13 15:18:45.325499
Ürün3,Giyim,Marka1,227,42,950,34,4.3,2023-11-08 15:18:45.325541
Ürün4,Elektronik,Marka5,337,76,682,14,2.7,2023-09-02 15:18:45.325628
Ürün7,Ev & Bahçe,Marka1,494,35,471,27,3.3,2024-01-02 15:18:45.325660
Ürün5,Elektronik,Marka5,187,24,622,0,1.1,2024-01-23 15:18:45.325691
Ürün4,Ev & Bahçe,Marka5,321,28,549,48,3.7,2024-03-26 15:18:45.325721
Ürün9,Ev & Bahçe,Marka3,179,45,283,40,2.8,2023-07-28 15:18:45.325752
Ürün4,Giyim,Marka3,166,99,288,1,4.4,2023-12-26 15:18:45.325784
Ürün1,Kozmetik,Marka5,438,90,719,3,2.2,2023-09-10 15:18:45.325832
Ürün9,Aksesuar,Marka2,416,54,274,34,1.1,2023-10-10 15:18:45.325864
Ürün10,Aksesuar,Marka1,489,20,654,25,4.1,2023-07-10 15:18:45.325895
Ürün9,Aksesuar,Marka1,362,61,762,19,4.9,2023-12-25 15:18:45.325926
Ürün5,Elektronik,Marka5,423,97,965,31,1.2,2024-02-04 15:18:45.325962
Ürün7,Ev & Bahçe,Marka3,151,81,973,28,4.3,2023-09-27 15:18:45.325994
Ürün4,Kozmetik,Marka4,187,73,602,26,3.2,2023-12-12 15:18:45.326024
Ürün10,Kozmetik,Marka1,351,100,813,14,4.5,2023-11-18 15:18:45.326055
Ürün10,Aksesuar,Marka2,219,41,799,28,3.6,2023-07-05 15:18:45.326093
Ürün1,Giyim,Marka1,178,70,952,2,4.2,2023-11-29 15:18:45.326125
Ürün6,Aksesuar,Marka5,11,72,476,15,4.6,2023-07-07 15:18:45.326155
Ürün10,Elektronik,Marka3,167,57,682,49,2.8,2024-03-04 15:18:45.326187
Ürün8,Ev & Bahçe,Marka3,419,79,76,37,3.1,2024-02-08 15:18:45.326218
Ürün7,Giyim,Marka2,344,73,267,13,3.9,2023-07-28 15:18:45.326249
Ürün4,Aksesuar,Marka1,207,70,522,41,3.3,2023-12-24 15:18:45.326281
Ürün8,Aksesuar,Marka3,139,85,746,12,4.2,2023-10-08 15:18:45.326318
Ürün7,Aksesuar,Marka2,19,2,240,31,1.9,2023-12-14 15:18:45.326349
Ürün4,Giyim,Marka1,40,39,746,33,4.4,2024-01-03 15:18:45.326381
Ürün10,Elektronik,Marka1,241,11,642,36,1.0,2024-04-21 15:18:45.326412
Ürün3,Elektronik,Marka4,346,29,999,25,1.4,2024-03-03 15:18:45.326443
Ürün1,Elektronik,Marka3,489,59,904,38,2.7,2024-04-21 15:18:45.326474
Ürün8,Aksesuar,Marka3,12,54,615,33,3.9,2023-10-19 15:18:45.326505
Ürün7,Elektronik,Marka5,127,100,188,8,4.6,2024-03-03 15:18:45.326544
Ürün5,Giyim,Marka3,318,43,969,44,1.5,2024-03-24 15:18:45.326576
Ürün6,Kozmetik,Marka5,484,100,776,37,3.4,2024-01-24 15:18:45.326606
Ürün8,Giyim,Marka2,470,3,217,40,4.9,2023-10-04 15:18:45.326637
Ürün9,Ev & Bahçe,Marka1,414,98,25,47,4.0,2023-07-21 15:18:45.326667
Ürün8,Ev & Bahçe,Marka4,207,38,484,8,2.6,2024-02-18 15:18:45.326697
Ürün9,Ev & Bahçe,Marka3,114,68,355,9,1.8,2023-07-26 15:18:45.326728
Ürün4,Kozmetik,Marka3,390,81,14,41,4.1,2024-05-23 15:18:45.326759
Ürün4,Aksesuar,Marka1,253,10,343,29,2.0,2024-04-02 15:18:45.326790
Ürün4,Aksesuar,Marka3,132,26,887,26,2.7,2023-12-05 15:18:45.326836
Ürün8,Kozmetik,Marka1,139,41,435,29,1.2,2023-08-31 15:18:45.326868
Ürün7,Ev & Bahçe,Marka2,59,74,260,15,3.7,2023-08-08 15:18:45.326898
Ürün2,Ev & Bahçe,Marka3,115,23,349,17,4.1,2023-07-05 15:18:45.326929
Ürün1,Kozmetik,Marka5,359,73,265,30,4.2,2024-01-01 15:18:45.326960
Ürün8,Elektronik,Marka5,305,47,120,17,1.3,2023-12-30 15:18:45.326992
Ürün9,Aksesuar,Marka1,315,53,829,5,1.9,2023-07-25 15:18:45.327023
Ürün1,Aksesuar,Marka5,103,17,554,15,3.8,2024-02-11 15:18:45.327053
Ürün6,Giyim,Marka5,305,30,885,0,4.0,2024-01-06 15:18:45.327084
Ürün1,Elektronik,Marka5,247,68,335,44,4.0,2024-02-11 15:18:45.327115
Ürün5,Giyim,Marka5,59,6,474,26,2.0,2023-10-08 15:18:45.327146
Ürün1,Kozmetik,Marka1,79,10,980,47,3.7,2023-11-02 15:18:45.327177
Ürün7,Kozmetik,Marka2,277,70,655,2,1.0,2023-12-17 15:18:45.327208
Ürün5,Aksesuar,Marka1,337,28,4,25,4.4,2023-09-04 15:18:45.327238
Ürün1,Elektronik,Marka3,25,36,118,0,1.2,2024-02-14 15:18:45.327269
Ürün6,Kozmetik,Marka3,174,99,404,8,1.2,2024-03-15 15:18:45.327299
Ürün2,Ev & Bahçe,Marka1,415,51,720,1,3.8,2023-10-10 15:18:45.327341
Ürün9,Giyim,Marka3,121,19,46,23,4.1,2023-12-03 15:18:45.327373
Ürün6,Kozmetik,Marka1,401,79,228,14,4.7,2024-02-12 15:18:45.327410
Ürün6,Elektronik,Marka1,319,97,138,9,4.4,2023-06-24 15:18:45.327441
Ürün3,Aksesuar,Marka2,445,13,118,42,1.2,2023-11-11 15:18:45.327472
Ürün10,Elektronik,Marka4,25,81,910,14,2.5,2023-10-24 15:18:45.327503
Ürün9,Aksesuar,Marka3,145,2,334,41,2.4,2023-08-04 15:18:45.327540
Ürün7,Elektronik,Marka5,431,64,531,2,1.3,2023-08-08 15:18:45.327571
Ürün7,Ev & Bahçe,Marka5,139,31,596,10,2.8,2023-11-28 15:18:45.327602
Ürün8,Giyim,Marka3,413,79,98,8,3.4,2024-05-31 15:18:45.327633
Ürün6,Aksesuar,Marka3,69,34,48,34,2.0,2023-09-22 15:18:45.327664
Ürün9,Giyim,Marka3,140,99,261,18,4.9,2024-05-26 15:18:45.327694
Ürün1,Giyim,Marka4,389,51,244,33,3.8,2024-03-01 15:18:45.327725
Ürün2,Aksesuar,Marka3,111,50,25,21,4.2,2023-12-24 15:18:45.327755
Ürün3,Giyim,Marka1,322,36,742,27,3.1,2024-06-08 15:18:45.327786
Ürün8,Aksesuar,Marka4,269,37,887,5,1.0,2023-09-26 15:18:45.327832
Ürün1,Elektronik,Marka4,351,73,418,13,5.0,2023-06-24 15:18:45.327863
Ürün8,Ev & Bahçe,Marka5,291,63,735,33,4.4,2024-04-05 15:18:45.327894
Ürün8,Ev & Bahçe,Marka5,366,28,867,1,3.6,2024-04-26 15:18:45.327925
Ürün4,Aksesuar,Marka1,24,29,610,24,3.8,2023-09-22 15:18:45.327955
Ürün8,Giyim,Marka3,346,88,859,45,3.5,2023-09-22 15:18:45.327985
